Symbol,EntryDate,EntryPrice,ExitDate,ExitPrice,Qty,PnL,ReturnPct,ExitReason,HoldingDays
SCHAEFFLER.NS,2021-07-23,1193.8,2021-07-26,1349.0,8,1221.26,12.77,Exit rule,3
ICICIGI.NS,2021-07-23,1510.0,2021-07-26,1495.0,6,-108.03,-1.19,Exit rule,3
SKFINDIA.NS,2021-07-23,2737.0,2021-07-28,2925.0,3,547.01,6.66,Exit rule,5
WHIRLPOOL.NS,2021-07-27,2236.0,2021-07-29,2179.8501,4,-242.26,-2.71,Exit rule,2
SAIL.NS,2021-07-23,127.1,2021-07-30,140.5,78,1024.33,10.32,Exit rule,7
GNFC.NS,2021-07-26,366.0,2021-08-04,387.5,27,560.16,5.66,Exit rule,9
FORTIS.NS,2021-07-27,247.1,2021-08-04,255.3,40,307.9,3.11,Exit rule,8
DEEPAKNTR.NS,2021-08-02,2060.0,2021-08-04,2112.0,4,191.31,2.32,Exit rule,2
INDUSINDBK.NS,2021-08-04,1029.0,2021-08-06,1005.0,9,-234.31,-2.53,Exit rule,2
AXISBANK.NS,2021-08-05,753.0,2021-08-09,741.0,13,-175.42,-1.79,Exit rule,4
DABUR.NS,2021-08-02,605.9,2021-08-10,584.65,16,-359.05,-3.7,Exit rule,8
METROPOLIS.NS,2021-08-03,725.0,2021-08-10,703.025,13,-304.24,-3.22,Exit rule,7
BLUESTARCO.NS,2021-08-06,432.0,2021-08-10,415.5,23,-398.99,-4.01,Exit rule,4
NCC.NS,2021-08-06,89.0,2021-08-10,85.3,112,-433.92,-4.35,Exit rule,4
ESCORTS.NS,2021-08-02,1184.0,2021-08-11,1270.0,8,668.37,7.05,Exit rule,9
SBICARD.NS,2021-07-27,1021.0,2021-08-12,1032.0,9,80.52,0.88,Exit rule,16
FINEORG.NS,2021-08-02,3034.95,2021-08-12,2910.0,3,-392.68,-4.31,Exit rule,10
TORNTPOWER.NS,2021-08-13,468.0,2021-08-17,458.5,21,-218.96,-2.23,Exit rule,4
INDUSINDBK.NS,2021-08-09,1031.0,2021-08-18,1003.0,9,-270.31,-2.91,Exit rule,9
KEI.NS,2021-08-03,753.35,2021-08-23,711.95,13,-557.25,-5.68,Exit rule,20
BHARATFORG.NS,2021-08-12,787.0,2021-08-23,762.0,12,-318.59,-3.37,Exit rule,11
ASIANPAINT.NS,2021-08-18,3048.0,2021-08-23,3159.05,3,314.53,3.44,Exit rule,5
BDL.NS,2021-08-20,190.05,2021-08-23,188.0,52,-126.26,-1.28,Exit rule,3
PIDILITIND.NS,2021-08-23,1139.975,2021-08-25,1105.25,8,-295.76,-3.24,Exit rule,2
ULTRACEMCO.NS,2021-08-20,7596.6001,2021-08-27,7330.6001,1,-280.93,-3.69,Exit rule,7
SBICARD.NS,2021-08-26,1067.0,2021-08-30,1091.1,9,197.48,2.05,Exit rule,4
UBL.NS,2021-08-20,1472.0,2021-09-02,1562.0,6,521.8,5.9,Exit rule,13
SKFINDIA.NS,2021-08-25,2830.0,2021-09-02,3130.0,3,882.12,10.38,Exit rule,8
ACC.NS,2021-08-20,2330.1499,2021-09-03,2483.3,4,593.35,6.36,Exit rule,14
CYIENT.NS,2021-08-25,956.0,2021-09-09,1030.0,10,720.14,7.53,Exit rule,15
SYNGENE.NS,2021-08-27,617.9,2021-09-09,613.9,16,-83.71,-0.85,Exit rule,13
JSL.NS,2021-08-25,149.2,2021-09-13,164.4,66,982.5,9.97,Exit rule,19
HINDALCO.NS,2021-08-26,431.5,2021-09-13,476.0,23,1002.63,10.09,Exit rule,18
CROMPTON.NS,2021-08-26,462.5,2021-09-13,492.2,21,603.65,6.21,Exit rule,18
SOLARINDS.NS,2021-08-30,1749.0,2021-09-13,1820.0,5,337.16,3.85,Exit rule,14
VEDL.NS,2021-09-03,305.4,2021-09-13,302.4,32,-115.45,-1.18,Exit rule,10
GODREJPROP.NS,2021-09-02,1568.3,2021-09-14,1614.0,6,255.11,2.71,Exit rule,12
DLF.NS,2021-09-02,334.75,2021-09-14,341.0,29,161.65,1.66,Exit rule,12
IIFL.NS,2021-09-13,300.0,2021-09-14,317.0,33,540.64,5.46,Exit rule,1
POWERGRID.NS,2021-09-16,134.2125,2021-09-17,134.6625,74,13.4,0.13,Exit rule,1
AJANTPHARM.NS,2021-09-15,1480.0333,2021-09-20,1462.1333,6,-125.05,-1.41,Exit rule,5
BDL.NS,2021-08-27,196.0,2021-09-21,193.5,50,-144.47,-1.47,Exit rule,25
KPITTECH.NS,2021-09-23,344.5,2021-09-27,369.75,28,687.0,7.12,Exit rule,4
MUTHOOTFIN.NS,2021-09-23,1559.0,2021-09-27,1505.0,6,-342.38,-3.66,Exit rule,4
NAVINFLUOR.NS,2021-09-22,3880.0,2021-09-28,3815.0,2,-145.39,-1.87,Exit rule,6
BHARATFORG.NS,2021-09-28,783.7,2021-09-29,752.7,12,-390.44,-4.15,Exit rule,1
PIIND.NS,2021-09-30,3243.55,2021-10-01,3170.0,3,-239.89,-2.46,Exit rule,1
ICICIBANK.NS,2021-09-24,722.6,2021-10-04,697.05,13,-350.61,-3.73,Exit rule,10
SUNPHARMA.NS,2021-09-29,784.0,2021-10-04,830.0,12,532.63,5.66,Exit rule,5
MUTHOOTFIN.NS,2021-10-04,1537.9,2021-10-07,1520.0,6,-125.75,-1.36,Exit rule,3
UNOMINDA.NS,2021-09-17,370.15,2021-10-08,388.5,26,457.38,4.75,Exit rule,21
TATACHEM.NS,2021-09-23,832.75,2021-10-08,965.0,11,1434.97,15.65,Exit rule,15
HDFCBANK.NS,2021-09-24,789.5,2021-10-13,818.5,12,328.7,3.47,Exit rule,19
ABB.NS,2021-09-30,1834.7,2021-10-14,1824.4,5,-69.8,-0.76,Exit rule,14
NATIONALUM.NS,2021-09-30,94.85,2021-10-18,112.05,105,1784.28,17.9,Exit rule,18
CROMPTON.NS,2021-09-24,488.5,2021-10-20,467.8,20,-433.13,-4.43,Exit rule,26
CHOLAFIN.NS,2021-10-08,585.0,2021-10-20,610.3,17,409.78,4.12,Exit rule,12
EICHERMOT.NS,2021-10-08,2840.0,2021-10-20,2705.0,3,-421.63,-4.94,Exit rule,12
OFSS.NS,2021-10-08,4764.9502,2021-10-20,4949.8999,2,350.47,3.67,Exit rule,12
VBL.NS,2021-10-04,122.0,2021-10-21,113.72,81,-689.77,-6.97,Exit rule,17
POLYCAB.NS,2021-10-05,2452.0,2021-10-22,2246.0,4,-842.79,-8.58,Exit rule,17
HCLTECH.NS,2021-10-20,1239.0,2021-10-22,1203.25,8,-305.54,-3.08,Exit rule,2
TATACOMM.NS,2021-10-14,1477.0,2021-10-25,1420.0,6,-359.38,-4.05,Exit rule,11
TIMKEN.NS,2021-10-14,1887.7,2021-10-26,1680.0,5,-1056.34,-11.18,Exit rule,12
TORNTPHARM.NS,2021-10-26,1557.0,2021-10-27,1464.475,6,-573.28,-6.13,Exit rule,1
INDUSTOWER.NS,2021-10-21,305.45,2021-10-28,275.0,32,-992.97,-10.15,Exit rule,7
IDEA.NS,2021-10-21,10.6,2021-10-29,9.7,942,-866.92,-8.67,Exit rule,8
CROMPTON.NS,2021-10-28,476.0,2021-10-29,463.0,20,-278.78,-2.93,Exit rule,1
RECLTD.NS,2021-10-28,117.0,2021-10-29,112.725,85,-382.9,-3.85,Exit rule,1
SBILIFE.NS,2021-10-28,1210.0,2021-10-29,1167.1,8,-362.22,-3.74,Exit rule,1
BALKRISIND.NS,2021-10-27,2502.0,2021-11-01,2469.8,3,-111.52,-1.48,Exit rule,5
PIDILITIND.NS,2021-10-28,1192.425,2021-11-01,1166.3,8,-227.87,-2.39,Exit rule,4
AJANTPHARM.NS,2021-11-02,1466.6666,2021-11-04,1469.6,6,-0.02,-0.0,Exit rule,2
UNITDSPR.NS,2021-10-28,920.0,2021-11-09,999.0,10,770.81,8.37,Exit rule,12
DABUR.NS,2021-11-04,616.0,2021-11-09,606.0,16,-179.55,-1.82,Exit rule,5
AMBUJACEM.NS,2021-11-01,406.0,2021-11-10,427.6,24,498.39,5.11,Exit rule,9
LODHA.NS,2021-11-02,574.0,2021-11-12,617.5,17,719.24,7.36,Exit rule,10
KEI.NS,2021-10-27,972.0,2021-11-16,1034.1,10,600.94,6.18,Exit rule,20
BATAINDIA.NS,2021-11-09,2132.0,2021-11-16,2238.5,4,408.52,4.79,Exit rule,7
AMBER.NS,2021-11-03,3395.0,2021-11-17,3303.1499,2,-197.1,-2.9,Exit rule,14
SONACOMS.NS,2021-11-10,680.0,2021-11-18,713.7,14,452.29,4.75,Exit rule,8
AARTIIND.NS,2021-11-18,993.2,2021-11-22,969.0,10,-261.62,-2.63,Exit rule,4
VOLTAS.NS,2021-11-02,1249.5,2021-11-23,1182.0,7,-489.52,-5.59,Exit rule,21
NAUKRI.NS,2021-11-15,1293.98,2021-11-23,1206.0,7,-633.36,-6.99,Exit rule,8
NTPC.NS,2021-11-18,136.6,2021-11-23,130.05,73,-497.62,-4.99,Exit rule,5
PNB.NS,2021-11-22,41.65,2021-11-23,39.6,239,-509.37,-5.11,Exit rule,1
POWERGRID.NS,2021-11-16,141.75,2021-11-25,151.95,70,693.44,6.98,Exit rule,9
MPHASIS.NS,2021-10-18,3390.0,2021-11-29,2958.0,2,-876.7,-12.92,Exit rule,42
VBL.NS,2021-11-02,122.9333,2021-11-29,117.7333,81,-440.69,-4.42,Exit rule,27
TITAN.NS,2021-11-09,2528.95,2021-11-29,2290.0,3,-731.31,-9.63,Exit rule,20
CESC.NS,2021-11-24,90.9,2021-11-29,87.55,109,-384.6,-3.88,Exit rule,5
ONGC.NS,2021-11-25,154.0,2021-11-29,145.0,64,-595.14,-6.03,Exit rule,4
IIFL.NS,2021-11-26,320.0,2021-11-29,295.3,31,-784.77,-7.9,Exit rule,3
GMRAIRPORT.NS,2021-11-26,35.1362,2021-11-29,34.2353,284,-275.57,-2.76,Exit rule,3
RELIANCE.NS,2021-11-26,1138.8893,2021-11-29,1125.6443,8,-124.08,-1.36,Exit rule,3
LALPATHLAB.NS,2021-11-29,1875.0,2021-12-07,1819.9,5,-293.97,-3.13,Exit rule,8
SUNDRMFAST.NS,2021-12-01,892.5,2021-12-07,829.1,11,-716.34,-7.29,Exit rule,6
BDL.NS,2021-11-30,204.0,2021-12-08,204.225,48,-8.79,-0.09,Exit rule,8
DEVYANI.NS,2021-12-08,163.95,2021-12-10,184.6,60,1218.09,12.37,Exit rule,2
CUMMINSIND.NS,2021-12-02,913.0,2021-12-13,987.95,10,730.49,7.99,Exit rule,11
BEL.NS,2021-12-08,70.35,2021-12-13,68.9333,142,-220.94,-2.21,Exit rule,5
SCHAEFFLER.NS,2021-12-01,1560.0,2021-12-14,1679.78,6,699.24,7.46,Exit rule,13
NESTLEIND.NS,2021-12-08,961.2525,2021-12-14,947.655,10,-155.06,-1.61,Exit rule,6
ITC.NS,2021-12-10,227.4406,2021-12-15,221.4705,43,-276.02,-2.82,Exit rule,5
KPRMILL.NS,2021-12-01,531.05,2021-12-17,620.0,18,1580.38,16.52,Exit rule,16
BRIGADE.NS,2021-12-01,384.75,2021-12-20,330.0,25,-1386.62,-14.4,Exit rule,19
POLYCAB.NS,2021-12-13,2515.0,2021-12-20,2280.0,3,-719.38,-9.53,Exit rule,7
ADANIENSOL.NS,2021-12-15,1872.7,2021-12-20,1688.35,5,-939.56,-10.02,Exit rule,5
ASTRAL.NS,2021-12-13,1724.25,2021-12-21,1607.3625,5,-601.1,-6.97,Exit rule,8
VINATIORGA.NS,2021-12-15,1960.0,2021-12-21,1974.6,5,53.33,0.54,Exit rule,6
SKFINDIA.NS,2021-12-01,3935.0,2021-12-27,3610.0,2,-665.09,-8.44,Exit rule,26
GODREJIND.NS,2021-12-17,601.95,2021-12-27,635.25,16,513.0,5.32,Exit rule,10
NHPC.NS,2021-12-31,30.95,2022-01-03,31.05,322,12.24,0.12,Exit rule,3
COFORGE.NS,2021-12-22,1085.8,2022-01-04,1205.0,9,1052.18,10.76,Exit rule,13
BRIGADE.NS,2021-12-23,364.5,2022-01-06,349.875,27,-414.16,-4.2,Exit rule,14
POONAWALLA.NS,2021-12-30,224.9,2022-01-07,251.0,44,1127.46,11.38,Exit rule,8
RELAXO.NS,2021-12-31,1316.0,2022-01-10,1359.55,7,286.12,3.1,Exit rule,10
UNITDSPR.NS,2022-01-03,892.3,2022-01-10,885.95,11,-89.41,-0.91,Exit rule,7
VOLTAS.NS,2022-01-03,1225.0,2022-01-10,1275.0,8,380.0,3.87,Exit rule,7
RVNL.NS,2022-01-04,35.45,2022-01-10,35.85,281,92.36,0.93,Exit rule,6
FINEORG.NS,2021-10-04,3266.3501,2022-01-11,3655.25,3,1145.93,11.68,Exit rule,99
IDEA.NS,2022-01-03,15.35,2022-01-12,12.2,650,-2065.41,-20.68,Exit rule,9
ABB.NS,2021-12-03,2090.3,2022-01-17,2349.7,4,1019.84,12.19,Exit rule,45
DEVYANI.NS,2022-01-06,175.7,2022-01-20,185.95,56,553.75,5.62,Exit rule,14
SYNGENE.NS,2022-01-21,608.0,2022-01-24,594.0,16,-243.23,-2.5,Exit rule,3
SIEMENS.NS,2022-01-11,1367.0631,2022-01-25,1305.9564,7,-446.46,-4.66,Exit rule,14
FINEORG.NS,2022-01-12,3777.8999,2022-01-25,3520.0,2,-530.4,-7.01,Exit rule,13
APLAPOLLO.NS,2022-01-20,976.0,2022-01-25,930.0,10,-479.06,-4.9,Exit rule,5
KEI.NS,2021-12-24,1148.9,2022-01-27,1100.0,8,-409.19,-4.45,Exit rule,34
ULTRACEMCO.NS,2022-02-02,7572.7002,2022-02-03,7461.0,1,-126.73,-1.67,Exit rule,1
GRASIM.NS,2022-02-02,1772.9503,2022-02-04,1725.8376,5,-253.06,-2.85,Exit rule,2
SKFINDIA.NS,2022-02-03,3799.75,2022-02-04,3737.05,2,-140.47,-1.85,Exit rule,1
RELAXO.NS,2022-02-03,1323.65,2022-02-08,1302.95,7,-163.29,-1.76,Exit rule,5
TVSMOTOR.NS,2022-02-04,655.0,2022-02-08,669.0,15,190.14,1.93,Exit rule,4
CGPOWER.NS,2022-02-04,183.45,2022-02-09,173.0,54,-583.55,-5.88,Exit rule,5
SUNPHARMA.NS,2022-01-28,816.0,2022-02-11,894.6,12,922.67,9.41,Exit rule,14
FINEORG.NS,2022-01-27,3700.0,2022-02-15,3600.0,2,-214.6,-2.9,Exit rule,19
UNIONBANK.NS,2022-01-28,47.0,2022-02-15,43.15,212,-835.31,-8.37,Exit rule,18
ICICIBANK.NS,2022-02-02,815.0,2022-02-15,752.95,12,-763.42,-7.8,Exit rule,13
DEVYANI.NS,2022-02-03,180.0,2022-02-15,165.7,55,-805.51,-8.13,Exit rule,12
GNFC.NS,2022-02-08,516.0,2022-02-15,542.85,19,490.03,4.99,Exit rule,7
SRF.NS,2022-02-09,2549.8999,2022-02-15,2380.0,3,-524.49,-6.85,Exit rule,6
ADANIENSOL.NS,2022-02-11,2050.0,2022-02-15,1898.0,4,-623.79,-7.6,Exit rule,4
BLUESTARCO.NS,2022-02-04,500.025,2022-02-17,564.0,19,1195.31,12.57,Exit rule,13
INDIGO.NS,2022-02-08,2165.0,2022-02-17,2197.95,4,114.35,1.32,Exit rule,9
AMBER.NS,2022-02-01,3651.0,2022-02-18,3375.0,2,-566.05,-7.74,Exit rule,17
MOTHERSON.NS,2022-02-16,76.8889,2022-02-21,70.2222,129,-878.98,-8.85,Exit rule,5
ANGELONE.NS,2022-02-22,127.2,2022-02-23,131.4,78,307.43,3.1,Exit rule,1
OBEROIRLTY.NS,2022-02-24,900.0,2022-02-25,880.0,11,-239.58,-2.42,Exit rule,1
BRIGADE.NS,2022-02-24,359.025,2022-02-25,356.175,27,-96.26,-0.99,Exit rule,1
TIMKEN.NS,2022-02-24,1941.0,2022-02-25,1948.4,5,17.55,0.18,Exit rule,1
KOTAKBANK.NS,2022-02-24,366.87,2022-02-25,364.19,27,-92.1,-0.93,Exit rule,1
ANGELONE.NS,2022-02-24,127.0,2022-02-25,129.8,78,198.37,2.0,Exit rule,1
SRF.NS,2022-02-28,2408.0,2022-03-02,2379.0,4,-135.15,-1.4,Exit rule,2
AXISBANK.NS,2022-02-28,749.9,2022-03-02,728.7,13,-294.82,-3.02,Exit rule,2
ESCORTS.NS,2022-02-28,1831.0,2022-03-04,1815.0,5,-98.23,-1.07,Exit rule,4
UNITDSPR.NS,2022-02-28,880.0,2022-03-07,810.0,11,-788.59,-8.14,Exit rule,7
PVRINOX.NS,2022-02-28,1588.0,2022-03-08,1505.0,6,-516.56,-5.42,Exit rule,8
ANGELONE.NS,2022-02-28,132.525,2022-03-08,126.75,75,-452.57,-4.55,Exit rule,8
AMBER.NS,2022-03-02,3420.0,2022-03-08,3399.8999,2,-53.84,-0.79,Exit rule,6
HAL.NS,2022-03-02,693.45,2022-03-08,670.9,14,-334.8,-3.45,Exit rule,6
BDL.NS,2022-03-02,229.475,2022-03-08,224.25,43,-244.19,-2.47,Exit rule,6
ITC.NS,2022-03-07,213.7672,2022-03-15,230.1367,46,732.58,7.44,Exit rule,8
METROBRAND.NS,2022-03-14,552.1,2022-03-15,541.0,14,-170.7,-2.21,Exit rule,1
ONGC.NS,2022-03-02,165.65,2022-03-16,166.0,60,1.1,0.01,Exit rule,14
POWERGRID.NS,2022-03-02,155.8125,2022-03-21,162.0,64,375.66,3.76,Exit rule,19
SUNPHARMA.NS,2022-03-09,863.4,2022-03-21,912.5,11,520.56,5.48,Exit rule,12
TATAELXSI.NS,2022-03-10,7247.0,2022-03-21,7520.0,1,258.23,3.56,Exit rule,11
CDSL.NS,2022-03-11,740.0,2022-03-21,769.0,13,357.38,3.71,Exit rule,10
INDHOTEL.NS,2022-03-10,211.7,2022-03-28,229.95,47,836.99,8.4,Exit rule,18
CHOLAFIN.NS,2022-03-10,647.85,2022-03-29,725.6,15,1145.65,11.78,Exit rule,19
FEDERALBNK.NS,2022-03-17,99.65,2022-03-29,99.65,100,-19.93,-0.2,Exit rule,12
NLCINDIA.NS,2022-03-28,64.8,2022-03-30,64.0,154,-143.04,-1.43,Exit rule,2
OIL.NS,2022-03-25,156.6667,2022-03-31,152.6,63,-275.68,-2.79,Exit rule,6
COALINDIA.NS,2022-02-28,162.45,2022-04-06,188.7,61,1579.83,15.93,Exit rule,37
BEL.NS,2022-04-04,72.5,2022-04-06,72.6667,137,2.95,0.03,Exit rule,2
SUZLON.NS,2022-04-05,9.5035,2022-04-08,11.294,1051,1859.97,18.6,Exit rule,3
NAVINFLUOR.NS,2022-04-22,4040.0,2022-04-28,3980.0,2,-136.04,-1.68,Exit rule,6
KPITTECH.NS,2022-04-28,594.4,2022-04-29,573.75,16,-349.09,-3.67,Exit rule,1
PIDILITIND.NS,2022-04-29,1232.0,2022-05-02,1207.4,8,-216.32,-2.19,Exit rule,3
DEVYANI.NS,2022-04-29,172.0,2022-05-05,167.9,58,-257.51,-2.58,Exit rule,6
LAURUSLABS.NS,2022-05-02,582.0,2022-05-06,570.0,17,-223.58,-2.26,Exit rule,4
CHOLAFIN.NS,2022-04-11,747.0,2022-05-09,622.0,13,-1642.8,-16.9,Exit rule,28
BSE.NS,2022-05-02,296.7,2022-05-09,273.95,33,-769.58,-7.85,Exit rule,7
KPRMILL.NS,2022-05-06,625.0,2022-05-09,622.0,15,-63.7,-0.68,Exit rule,3
VEDL.NS,2022-05-06,365.0,2022-05-09,356.4,27,-251.68,-2.55,Exit rule,3
TATASTEEL.NS,2022-05-06,126.8,2022-05-10,125.1,78,-152.25,-1.54,Exit rule,4
GNFC.NS,2022-05-11,838.0,2022-05-12,697.7,11,-1560.19,-16.91,Exit rule,1
TATACHEM.NS,2022-05-04,1040.45,2022-05-13,946.0,9,-867.93,-9.26,Exit rule,9
PVRINOX.NS,2022-05-11,1777.0,2022-05-16,1760.0,5,-102.68,-1.15,Exit rule,5
BANDHANBNK.NS,2022-05-16,324.2,2022-05-20,322.0,30,-85.39,-0.88,Exit rule,4
HAL.NS,2022-05-17,808.0,2022-05-23,886.5,12,921.67,9.5,Exit rule,6
SOLARINDS.NS,2022-05-04,3070.0,2022-05-24,2683.55,3,-1176.61,-12.76,Exit rule,20
ABB.NS,2022-05-06,2187.0,2022-05-25,2283.8999,4,369.72,4.22,Exit rule,19
TVSMOTOR.NS,2022-05-16,638.8,2022-05-25,712.0,15,1077.74,11.24,Exit rule,9
POLYCAB.NS,2022-05-16,2550.05,2022-05-26,2439.1499,3,-347.67,-4.54,Exit rule,10
BEL.NS,2022-05-23,78.75,2022-05-26,75.7333,126,-399.57,-4.02,Exit rule,3
FINEORG.NS,2022-05-18,4480.0,2022-05-27,4160.0498,2,-657.18,-7.33,Exit rule,9
CIPLA.NS,2022-05-23,978.8,2022-05-27,970.1,10,-106.49,-1.09,Exit rule,4
M&M.NS,2022-05-16,895.0,2022-05-31,997.95,11,1111.63,11.28,Exit rule,15
TATAELXSI.NS,2022-05-16,7960.0,2022-05-31,8180.0,1,203.86,2.56,Exit rule,15
CREDITACC.NS,2022-05-16,930.0,2022-06-02,1074.95,10,1429.45,15.36,Exit rule,17
FINEORG.NS,2022-05-31,4508.0,2022-06-02,5140.0,2,1244.7,13.79,Exit rule,2
POWERGRID.NS,2022-06-01,174.1125,2022-06-03,169.5,57,-282.5,-2.84,Exit rule,2
M&MFIN.NS,2022-05-27,172.8,2022-06-14,169.5,57,-207.61,-2.11,Exit rule,18
ONGC.NS,2022-06-08,163.5,2022-06-14,159.55,61,-260.66,-2.61,Exit rule,6
SOLARINDS.NS,2022-06-06,2782.0,2022-06-15,2733.0,3,-163.54,-1.96,Exit rule,9
MARUTI.NS,2022-06-22,7750.0,2022-06-24,8310.0,1,543.94,7.01,Exit rule,2
NHPC.NS,2022-06-28,32.0,2022-06-30,30.95,312,-347.24,-3.47,Exit rule,2
CGPOWER.NS,2022-06-24,183.5,2022-07-01,192.0,54,438.72,4.42,Exit rule,7
ONGC.NS,2022-06-30,153.0,2022-07-01,148.95,65,-282.88,-2.84,Exit rule,1
ITC.NS,2022-06-20,253.5356,2022-07-04,275.0567,39,818.71,8.27,Exit rule,14
ASHOKLEY.NS,2022-06-21,67.45,2022-07-04,73.225,148,833.88,8.34,Exit rule,13
M&M.NS,2022-06-24,1036.9,2022-07-04,1101.0,9,557.66,5.97,Exit rule,10
ABB.NS,2022-06-24,2292.95,2022-07-07,2540.0,4,968.87,10.55,Exit rule,13
EICHERMOT.NS,2022-06-22,2699.0,2022-07-08,2952.0,3,742.05,9.16,Exit rule,16
PATANJALI.NS,2022-06-27,356.0,2022-07-08,343.2333,28,-377.05,-3.78,Exit rule,11
TIMKEN.NS,2022-06-28,2411.8999,2022-07-11,2547.7,4,523.36,5.42,Exit rule,13
VINATIORGA.NS,2022-07-01,1977.0,2022-07-12,2061.0,5,399.81,4.04,Exit rule,11
HAL.NS,2022-07-19,889.0,2022-07-22,928.0,11,409.01,4.18,Exit rule,3
KPITTECH.NS,2022-07-21,535.65,2022-08-01,550.0,18,238.76,2.47,Exit rule,11
DEVYANI.NS,2022-07-29,166.5,2022-08-02,182.4,60,933.07,9.33,Exit rule,4
IIFL.NS,2022-08-10,337.65,2022-08-22,331.0,29,-212.24,-2.17,Exit rule,12
CREDITACC.NS,2022-08-11,1044.8,2022-08-23,988.6,9,-524.1,-5.57,Exit rule,12
ESCORTS.NS,2022-08-11,1689.5,2022-08-30,1943.0,5,1249.34,14.77,Exit rule,19
BRITANNIA.NS,2022-08-30,3717.0,2022-09-01,3730.0,2,11.11,0.15,Exit rule,2
NHPC.NS,2022-08-26,35.4,2022-09-02,37.8,282,656.16,6.57,Exit rule,7
TATACONSUM.NS,2022-08-18,793.0,2022-09-05,834.0,12,472.48,4.96,Exit rule,18
PATANJALI.NS,2022-08-25,383.3333,2022-09-05,420.3,26,940.24,9.42,Exit rule,11
CONCOR.NS,2022-08-26,703.0,2022-09-05,671.0,14,-467.24,-4.74,Exit rule,10
IIFL.NS,2022-08-24,337.0,2022-09-07,331.0,29,-193.37,-1.98,Exit rule,14
PVRINOX.NS,2022-09-06,1954.95,2022-09-08,1918.0,5,-204.11,-2.09,Exit rule,2
SHRIRAMFIN.NS,2022-09-07,275.2,2022-09-12,266.25,36,-341.69,-3.45,Exit rule,5
BRITANNIA.NS,2022-09-08,3683.0,2022-09-12,3649.5,2,-81.66,-1.11,Exit rule,4
CONCOR.NS,2022-09-08,734.95,2022-09-13,764.85,13,369.2,3.86,Exit rule,5
INDIGO.NS,2022-09-01,2018.0,2022-09-15,1914.6,4,-429.33,-5.31,Exit rule,14
HEROMOTOCO.NS,2022-08-17,2815.0,2022-09-16,2804.3,3,-48.96,-0.58,Exit rule,30
BATAINDIA.NS,2022-09-08,1940.0,2022-09-19,1848.9,5,-474.44,-4.89,Exit rule,11
GNFC.NS,2022-09-01,752.55,2022-09-20,694.95,13,-767.62,-7.84,Exit rule,19
APLAPOLLO.NS,2022-09-02,1037.85,2022-09-20,1097.0,9,513.14,5.49,Exit rule,18
BATAINDIA.NS,2022-09-22,1877.9,2022-09-26,1848.0,5,-168.13,-1.79,Exit rule,4
CUMMINSIND.NS,2022-09-08,1233.65,2022-09-28,1179.45,8,-452.91,-4.58,Exit rule,20
TATACHEM.NS,2022-09-23,1154.9,2022-09-29,1076.0,8,-649.05,-7.02,Exit rule,6
DMART.NS,2022-09-23,4450.0,2022-09-30,4270.0,2,-377.44,-4.24,Exit rule,7
PHOENIXLTD.NS,2022-09-28,668.5,2022-09-30,653.55,14,-227.81,-2.43,Exit rule,2
ASIANPAINT.NS,2022-09-01,3315.0,2022-10-04,3330.0,3,25.07,0.25,Exit rule,33
GODREJCP.NS,2022-09-30,909.4,2022-10-04,903.8,10,-74.13,-0.81,Exit rule,4
COLPAL.NS,2022-09-30,1601.0,2022-10-04,1597.0,6,-43.19,-0.45,Exit rule,4
KAJARIACER.NS,2022-09-14,1184.0,2022-10-10,1140.0,8,-370.59,-3.91,Exit rule,26
HINDUNILVR.NS,2022-09-22,2623.1001,2022-10-12,2563.45,3,-194.51,-2.47,Exit rule,20
HAVELLS.NS,2022-09-29,1326.0,2022-10-12,1282.0,7,-326.26,-3.51,Exit rule,13
SKFINDIA.NS,2022-09-27,4649.0,2022-10-14,4540.0,2,-236.38,-2.54,Exit rule,17
UNITDSPR.NS,2022-10-13,831.25,2022-10-14,843.0,12,120.91,1.21,Exit rule,1
BHEL.NS,2022-10-04,61.4,2022-10-18,63.3,162,287.6,2.89,Exit rule,14
ANGELONE.NS,2022-10-06,154.745,2022-10-18,163.39,64,532.92,5.38,Exit rule,12
NAVINFLUOR.NS,2022-10-13,4683.9502,2022-10-18,4455.0,2,-476.18,-5.08,Exit rule,5
KEI.NS,2022-10-14,1487.0,2022-10-19,1510.0,6,120.02,1.34,Exit rule,5
TATACHEM.NS,2022-09-30,1088.0,2022-10-20,1163.0,9,654.74,6.68,Exit rule,20
KEC.NS,2022-10-18,429.95,2022-10-21,424.5,23,-145.0,-1.46,Exit rule,3
PIDILITIND.NS,2022-10-21,1345.0,2022-10-24,1332.5,7,-106.24,-1.13,Exit rule,3
SBIN.NS,2022-10-18,547.1,2022-10-25,572.5,18,437.05,4.43,Exit rule,7
HINDUNILVR.NS,2022-10-24,2610.1001,2022-10-25,2586.0,3,-87.89,-1.12,Exit rule,1
HAL.NS,2022-09-30,1157.0,2022-11-02,1265.0,8,844.62,9.12,Exit rule,33
JINDALSTEL.NS,2022-09-30,418.45,2022-11-02,465.0,23,1050.33,10.9,Exit rule,33
ASHOKLEY.NS,2022-11-01,77.125,2022-11-02,75.05,129,-287.31,-2.88,Exit rule,1
BRITANNIA.NS,2022-10-28,3767.0,2022-11-03,3707.0,2,-134.95,-1.79,Exit rule,6
RADICO.NS,2022-10-04,1093.6,2022-11-09,1025.4,9,-632.87,-6.42,Exit rule,36
CEATLTD.NS,2022-11-01,1549.6,2022-11-09,1605.5,6,316.47,3.4,Exit rule,8
ESCORTS.NS,2022-11-01,2048.0,2022-11-09,1975.0,4,-308.09,-3.76,Exit rule,8
JSWENERGY.NS,2022-11-01,339.0,2022-11-15,318.45,29,-615.02,-6.25,Exit rule,14
ABB.NS,2022-11-02,3161.0,2022-11-15,3027.0,3,-420.56,-4.43,Exit rule,13
YESBANK.NS,2022-11-04,16.25,2022-11-15,17.1,614,501.42,5.02,Exit rule,11
KIRLOSENG.NS,2022-11-07,280.5,2022-11-17,322.0,35,1431.41,14.57,Exit rule,10
POONAWALLA.NS,2022-11-10,317.8,2022-11-17,304.85,31,-420.75,-4.27,Exit rule,7
DEEPAKNTR.NS,2022-11-16,2191.0,2022-11-17,2161.0,4,-137.41,-1.57,Exit rule,1
BAJAJFINSV.NS,2022-10-31,1665.0,2022-11-18,1668.0,6,-2.0,-0.02,Exit rule,18
M&MFIN.NS,2022-11-04,216.0,2022-11-18,204.95,46,-527.66,-5.31,Exit rule,14
BAJAJHLDNG.NS,2022-10-10,6701.0,2022-11-24,6520.2002,1,-194.02,-2.89,Exit rule,45
360ONE.NS,2022-11-25,455.0375,2022-11-28,439.0,21,-355.56,-3.72,Exit rule,3
RECLTD.NS,2022-11-25,103.5,2022-11-29,110.8,96,680.23,6.84,Exit rule,4
ANGELONE.NS,2022-11-28,154.435,2022-12-02,161.9,64,457.51,4.62,Exit rule,4
APOLLOTYRE.NS,2022-11-22,280.45,2022-12-07,321.95,35,1431.42,14.57,Exit rule,15
GRASIM.NS,2022-11-25,1723.1484,2022-12-07,1829.7246,5,515.12,5.97,Exit rule,12
CIPLA.NS,2022-11-30,1121.15,2022-12-08,1109.2,8,-113.44,-1.26,Exit rule,8
PIIND.NS,2022-12-01,3510.0,2022-12-09,3475.1001,2,-83.77,-1.19,Exit rule,8
KARURVYSYA.NS,2022-12-08,85.4167,2022-12-09,92.5,116,801.03,8.08,Exit rule,1
TATAPOWER.NS,2022-12-07,228.8,2022-12-12,219.75,43,-408.44,-4.15,Exit rule,5
KALYANKJIL.NS,2022-11-24,100.1,2022-12-13,120.8,99,2027.43,20.44,Exit rule,19
KPITTECH.NS,2022-11-24,732.95,2022-12-14,680.8,13,-696.33,-7.3,Exit rule,20
ADANIENT.NS,2022-12-07,4031.0,2022-12-14,4076.0,2,73.79,0.91,Exit rule,7
NESTLEIND.NS,2022-11-30,1006.06,2022-12-16,986.25,9,-196.22,-2.16,Exit rule,16
SOLARINDS.NS,2022-12-02,4092.25,2022-12-16,4210.6499,2,220.19,2.69,Exit rule,14
SBILIFE.NS,2022-11-29,1253.5,2022-12-19,1254.2,7,-12.65,-0.14,Exit rule,20
PVRINOX.NS,2022-12-19,1848.0,2022-12-21,1821.0,5,-153.34,-1.66,Exit rule,2
TATACOMM.NS,2022-12-01,1305.5,2022-12-22,1286.0,7,-154.64,-1.69,Exit rule,21
BHARTIARTL.NS,2022-12-20,839.75,2022-12-22,819.0,11,-246.5,-2.67,Exit rule,2
COCHINSHIP.NS,2022-12-09,318.75,2022-12-23,270.0,31,-1529.5,-15.46,Exit rule,14
JBCHEPHARM.NS,2022-12-16,1030.525,2022-12-23,986.3,9,-416.18,-4.48,Exit rule,7
FORTIS.NS,2022-12-22,285.65,2022-12-23,276.55,34,-328.52,-3.38,Exit rule,1
KPITTECH.NS,2022-12-19,702.95,2022-12-26,650.95,14,-746.95,-7.58,Exit rule,7
CIPLA.NS,2022-12-22,1135.0,2022-12-27,1094.05,8,-345.43,-3.8,Exit rule,5
APOLLOHOSP.NS,2022-12-22,4795.0,2022-12-30,4550.0,2,-508.69,-5.3,Exit rule,8
APLAPOLLO.NS,2022-12-30,1125.0,2023-01-02,1093.0,8,-273.74,-3.04,Exit rule,3
KPITTECH.NS,2022-12-27,694.7,2023-01-05,682.7,14,-187.28,-1.92,Exit rule,9
AUBANK.NS,2023-01-03,658.95,2023-01-05,641.8,15,-276.76,-2.8,Exit rule,2
MAXHEALTH.NS,2022-12-23,447.0,2023-01-09,437.5,22,-228.46,-2.32,Exit rule,17
CEATLTD.NS,2023-01-09,1760.7,2023-01-10,1683.4,5,-403.72,-4.58,Exit rule,1
SBIN.NS,2022-12-27,600.4,2023-01-11,596.45,16,-82.35,-0.86,Exit rule,15
ULTRACEMCO.NS,2023-01-05,7014.9502,2023-01-11,6948.0,1,-80.91,-1.15,Exit rule,6
RELIANCE.NS,2023-01-10,1202.6686,2023-01-11,1177.9784,8,-216.57,-2.25,Exit rule,1
HINDUNILVR.NS,2023-01-11,2644.0,2023-01-12,2586.1001,3,-189.39,-2.39,Exit rule,1
PNB.NS,2022-12-27,54.6,2023-01-13,56.0,182,234.67,2.36,Exit rule,17
NMDC.NS,2022-12-27,39.1667,2023-01-13,43.05,255,969.29,9.7,Exit rule,17
IRFC.NS,2022-12-27,31.3,2023-01-13,32.8,319,458.05,4.58,Exit rule,17
IGL.NS,2023-01-11,214.0,2023-01-13,210.45,46,-182.82,-1.86,Exit rule,2
BLUESTARCO.NS,2023-01-11,608.5,2023-01-13,624.025,16,228.68,2.35,Exit rule,2
MAZDOCK.NS,2022-12-27,411.5,2023-01-16,391.5,24,-499.27,-5.05,Exit rule,20
HDFCBANK.NS,2023-01-12,793.9,2023-01-17,794.9,12,-7.07,-0.07,Exit rule,5
HDFCBANK.NS,2023-01-18,802.5,2023-01-25,845.7,12,498.62,5.17,Exit rule,7
AUBANK.NS,2023-01-24,642.5,2023-01-25,633.5,15,-154.14,-1.6,Exit rule,1
CANBK.NS,2022-12-27,61.73,2023-01-27,61.56,161,-47.22,-0.47,Exit rule,31
UNIONBANK.NS,2022-12-27,83.25,2023-01-30,74.2,120,-1104.89,-11.05,Exit rule,34
POONAWALLA.NS,2023-01-25,302.4,2023-01-30,289.0,33,-461.72,-4.62,Exit rule,5
TVSMOTOR.NS,2023-01-27,1040.0,2023-02-02,1018.35,9,-213.38,-2.28,Exit rule,6
MAZDOCK.NS,2023-02-01,399.0,2023-02-02,371.5,25,-706.76,-7.08,Exit rule,1
MGL.NS,2023-02-01,883.95,2023-02-03,862.0,11,-260.66,-2.68,Exit rule,2
SUNPHARMA.NS,2023-02-06,1020.0,2023-02-08,1004.8,9,-155.02,-1.69,Exit rule,2
ZYDUSLIFE.NS,2023-02-06,452.0,2023-02-08,480.15,22,598.79,6.02,Exit rule,2
MANAPPURAM.NS,2023-02-08,117.1,2023-02-09,114.55,85,-236.44,-2.37,Exit rule,1
CUMMINSIND.NS,2023-02-01,1453.0,2023-02-13,1608.85,6,916.73,10.5,Exit rule,12
IDFCFIRSTB.NS,2023-02-03,60.0,2023-02-13,58.1,166,-335.0,-3.36,Exit rule,10
INDIANB.NS,2023-01-31,297.0,2023-02-14,283.45,33,-466.3,-4.75,Exit rule,14
BALKRISIND.NS,2023-01-31,2179.95,2023-02-14,2053.0,4,-524.73,-6.01,Exit rule,14
RECLTD.NS,2023-02-01,122.9,2023-02-14,114.3,81,-715.81,-7.18,Exit rule,13
APLAPOLLO.NS,2023-01-05,1135.0,2023-02-15,1221.85,8,675.95,7.44,Exit rule,41
ULTRACEMCO.NS,2023-02-09,7250.0,2023-02-16,7187.6499,1,-76.79,-1.06,Exit rule,7
NCC.NS,2023-02-03,92.45,2023-02-17,92.25,108,-41.55,-0.42,Exit rule,14
PFC.NS,2023-02-15,114.84,2023-02-17,119.68,86,396.07,4.01,Exit rule,2
PNBHOUSING.NS,2023-01-25,462.0338,2023-02-20,491.7677,21,604.38,6.22,Exit rule,26
LT.NS,2023-02-14,2215.0,2023-02-20,2233.7,4,57.01,0.64,Exit rule,6
ONGC.NS,2023-02-17,155.5,2023-02-20,157.2,64,88.79,0.89,Exit rule,3
NMDC.NS,2023-02-17,40.5667,2023-02-21,39.8833,246,-187.89,-1.88,Exit rule,4
SOLARINDS.NS,2023-02-20,4044.75,2023-02-21,3921.05,2,-263.33,-3.25,Exit rule,1
GAIL.NS,2023-02-20,96.4,2023-02-22,94.95,103,-169.06,-1.7,Exit rule,2
GODREJCP.NS,2023-03-01,923.35,2023-03-02,913.0,10,-121.86,-1.32,Exit rule,1
DALBHARAT.NS,2023-03-02,1875.7,2023-03-03,1864.35,5,-75.45,-0.8,Exit rule,1
MARUTI.NS,2023-03-02,8771.0,2023-03-03,8592.0498,1,-196.31,-2.24,Exit rule,1
NTPC.NS,2023-02-22,172.95,2023-03-08,175.7,57,136.88,1.39,Exit rule,14
GODREJCP.NS,2023-03-06,926.0,2023-03-08,911.0,10,-168.37,-1.82,Exit rule,2
PHOENIXLTD.NS,2023-03-01,688.0,2023-03-09,667.5,14,-305.98,-3.17,Exit rule,8
RBLBANK.NS,2023-03-06,166.4,2023-03-10,157.9,60,-529.46,-5.3,Exit rule,4
SBIN.NS,2023-03-06,564.9,2023-03-13,547.0,17,-323.2,-3.36,Exit rule,7
NCC.NS,2023-03-08,93.4,2023-03-13,100.0,106,679.1,6.85,Exit rule,5
M&MFIN.NS,2023-03-08,254.95,2023-03-13,245.05,39,-405.6,-4.08,Exit rule,5
HCLTECH.NS,2023-03-03,1115.0,2023-03-14,1098.55,8,-149.31,-1.67,Exit rule,11
CHOLAFIN.NS,2023-03-08,769.2,2023-03-14,738.95,12,-381.1,-4.12,Exit rule,6
INDUSINDBK.NS,2023-03-09,1174.25,2023-03-14,1060.1,8,-931.07,-9.9,Exit rule,5
GODREJCP.NS,2023-03-13,914.0,2023-03-14,904.95,10,-108.69,-1.19,Exit rule,1
JINDALSTEL.NS,2023-03-02,567.0,2023-03-15,575.5,17,125.08,1.3,Exit rule,13
INDIANB.NS,2023-03-06,294.5,2023-03-15,264.9,33,-995.26,-10.23,Exit rule,9
POLYCAB.NS,2023-03-16,2930.0,2023-03-17,2900.0,3,-107.49,-1.22,Exit rule,1
SUNDRMFAST.NS,2023-03-17,985.0,2023-03-20,976.0,10,-109.61,-1.11,Exit rule,3
APLAPOLLO.NS,2023-03-20,1268.0,2023-03-23,1192.2,7,-547.82,-6.17,Exit rule,3
CREDITACC.NS,2023-03-22,949.0,2023-03-27,912.0,10,-388.61,-4.09,Exit rule,5
LT.NS,2023-03-16,2184.8999,2023-03-28,2167.75,4,-86.01,-0.98,Exit rule,12
KALYANKJIL.NS,2023-03-20,120.95,2023-03-29,108.0,82,-1080.67,-10.89,Exit rule,9
GODREJCP.NS,2023-03-17,934.0,2023-03-31,966.95,10,310.49,3.32,Exit rule,14
BANKINDIA.NS,2023-03-31,76.9,2023-04-03,75.0,129,-264.7,-2.67,Exit rule,3
NHPC.NS,2023-03-31,41.85,2023-04-03,40.2,238,-412.23,-4.13,Exit rule,3
KPITTECH.NS,2023-03-16,839.7,2023-04-05,770.65,11,-777.26,-8.41,Exit rule,20
GLENMARK.NS,2023-03-20,441.0,2023-04-05,477.0,22,771.8,7.95,Exit rule,16
BDL.NS,2023-03-31,492.5,2023-04-05,489.5,11,-43.8,-0.81,Exit rule,5
HDFCBANK.NS,2023-04-03,803.775,2023-04-06,824.275,12,226.46,2.35,Exit rule,3
PNBHOUSING.NS,2023-04-05,447.05,2023-04-12,443.75,10,-41.91,-0.94,Exit rule,7
EXIDEIND.NS,2023-04-05,180.0,2023-04-13,185.3,55,271.41,2.74,Exit rule,8
COALINDIA.NS,2023-04-05,220.3,2023-04-18,229.6,45,398.25,4.01,Exit rule,13
HAL.NS,2023-04-03,1380.0,2023-04-19,1415.025,7,225.61,2.33,Exit rule,16
ABCAPITAL.NS,2023-03-31,153.25,2023-04-20,161.2,65,496.31,4.98,Exit rule,20
INDHOTEL.NS,2023-03-31,320.5,2023-04-20,330.55,31,291.37,2.93,Exit rule,20
TRENT.NS,2023-03-31,1336.0,2023-04-24,1393.75,7,385.14,4.11,Exit rule,24
MGL.NS,2023-04-06,968.0,2023-04-27,1013.0,10,430.19,4.44,Exit rule,21
KPITTECH.NS,2023-04-27,909.0,2023-04-28,932.0,10,211.59,2.33,Exit rule,1
SIEMENS.NS,2023-04-26,1959.375,2023-05-04,2079.7393,5,581.63,5.93,Exit rule,8
ABB.NS,2023-04-26,3345.0,2023-05-05,3653.0,2,602.0,8.99,Exit rule,9
IIFL.NS,2023-04-27,475.0,2023-05-10,451.95,21,-503.52,-5.04,Exit rule,13
THERMAX.NS,2023-05-02,2298.1001,2023-05-11,2380.0,4,308.89,3.36,Exit rule,9
ULTRACEMCO.NS,2023-05-02,7545.5,2023-05-12,7839.9502,1,279.06,3.69,Exit rule,10
POLICYBZR.NS,2023-05-02,601.9,2023-05-18,632.0,16,461.86,4.79,Exit rule,16
HDFCBANK.NS,2023-05-09,824.95,2023-05-18,824.0,12,-31.19,-0.31,Exit rule,9
TORNTPOWER.NS,2023-03-29,509.9,2023-05-22,527.15,19,308.05,3.18,Exit rule,54
IIFL.NS,2023-05-18,467.0,2023-05-22,454.35,21,-285.0,-2.9,Exit rule,4
OIL.NS,2023-02-08,150.7667,2023-05-30,171.1333,66,1322.95,13.28,Exit rule,111
ABCAPITAL.NS,2023-05-31,171.35,2023-06-02,174.25,58,148.15,1.49,Exit rule,2
AJANTPHARM.NS,2023-05-18,1277.35,2023-06-05,1329.7,7,348.2,3.89,Exit rule,18
MAZDOCK.NS,2023-05-24,383.9,2023-06-06,507.95,26,3202.11,32.05,Exit rule,13
JKCEMENT.NS,2023-05-26,2955.0,2023-06-07,3264.0,3,908.34,10.24,Exit rule,12
JBCHEPHARM.NS,2023-05-26,1025.4,2023-06-07,1061.0,9,301.62,3.27,Exit rule,12
PHOENIXLTD.NS,2023-05-29,744.475,2023-06-08,810.8,13,842.01,8.69,Exit rule,10
KEI.NS,2023-06-02,2068.8999,2023-06-08,2177.0,4,415.42,5.01,Exit rule,6
BLUESTARCO.NS,2023-05-25,718.5,2023-06-13,746.425,13,343.98,3.68,Exit rule,19
ASHOKLEY.NS,2023-06-06,74.925,2023-06-15,78.05,133,395.28,3.96,Exit rule,9
ZYDUSLIFE.NS,2023-05-23,509.95,2023-06-16,552.15,19,781.62,8.06,Exit rule,24
SJVN.NS,2023-06-08,38.15,2023-06-16,39.15,261,240.82,2.42,Exit rule,8
POLICYBZR.NS,2023-06-07,632.3,2023-06-20,655.0,15,321.19,3.38,Exit rule,13
DEEPAKNTR.NS,2023-06-15,2127.0,2023-06-21,2248.95,4,470.3,5.52,Exit rule,6
IGL.NS,2023-06-22,241.9,2023-06-23,244.275,41,77.44,0.78,Exit rule,1
GRASIM.NS,2023-06-05,1712.192,2023-06-26,1709.2039,5,-32.05,-0.37,Exit rule,21
SUNPHARMA.NS,2023-06-28,995.0,2023-06-30,1021.75,10,247.33,2.48,Exit rule,2
COLPAL.NS,2023-06-08,1636.7,2023-07-03,1688.1,6,288.45,2.93,Exit rule,25
SOLARINDS.NS,2023-06-30,3780.05,2023-07-03,3739.3,2,-96.54,-1.28,Exit rule,3
RBLBANK.NS,2023-06-28,174.2,2023-07-07,187.0,57,709.01,7.13,Exit rule,9
HEROMOTOCO.NS,2023-07-03,2875.0,2023-07-07,3150.0,3,806.93,9.35,Exit rule,4
SCHAEFFLER.NS,2023-07-03,3111.0,2023-07-11,2998.8,3,-354.93,-3.8,Exit rule,8
BAJAJHLDNG.NS,2023-05-25,6900.0,2023-07-13,7401.2998,1,487.0,7.05,Exit rule,49
NCC.NS,2023-05-26,117.75,2023-07-13,135.75,84,1490.71,15.06,Exit rule,48
LTTS.NS,2023-06-13,3918.0,2023-07-17,4128.0,2,403.91,5.15,Exit rule,34
TATASTEEL.NS,2023-07-11,115.6,2023-07-17,117.95,86,182.01,1.83,Exit rule,6
IRFC.NS,2023-06-08,34.15,2023-07-24,35.5,292,373.86,3.75,Exit rule,46
HCLTECH.NS,2023-07-17,1151.95,2023-07-24,1120.0,8,-273.78,-2.97,Exit rule,7
TORNTPOWER.NS,2023-07-07,644.0,2023-07-25,612.0,15,-498.84,-5.16,Exit rule,18
PAYTM.NS,2023-07-13,867.0,2023-07-26,794.75,11,-813.03,-8.52,Exit rule,13
AJANTPHARM.NS,2023-07-17,1451.4,2023-07-28,1697.95,6,1460.4,16.75,Exit rule,11
ASTRAL.NS,2023-07-24,1923.95,2023-07-28,1906.0,5,-108.9,-1.13,Exit rule,4
HDFCBANK.NS,2023-07-26,849.8,2023-07-31,825.025,11,-290.95,-3.11,Exit rule,5
BALKRISIND.NS,2023-07-13,2412.8,2023-08-01,2553.0,4,540.94,5.6,Exit rule,19
ANGELONE.NS,2023-07-24,162.985,2023-08-01,154.94,61,-510.14,-5.13,Exit rule,8
TATAPOWER.NS,2023-07-31,236.55,2023-08-02,244.7,42,322.09,3.24,Exit rule,2
PAYTM.NS,2023-08-01,802.8,2023-08-02,787.0,12,-208.68,-2.16,Exit rule,1
MARUTI.NS,2023-06-30,9569.0,2023-08-04,9560.0,1,-28.13,-0.29,Exit rule,35
COALINDIA.NS,2023-08-02,241.15,2023-08-04,232.8,41,-361.78,-3.66,Exit rule,2
BAJAJ-AUTO.NS,2023-06-30,4636.0,2023-08-07,4743.5498,2,196.34,2.12,Exit rule,38
BLUESTARCO.NS,2023-08-01,789.75,2023-08-07,764.4,12,-322.85,-3.4,Exit rule,6
DIXON.NS,2023-08-04,4500.4502,2023-08-09,4850.0498,2,680.5,7.55,Exit rule,5
ICICIPRULI.NS,2023-07-25,567.05,2023-08-10,578.25,17,170.93,1.77,Exit rule,16
DLF.NS,2023-07-28,509.0,2023-08-14,479.0,19,-588.77,-6.08,Exit rule,17
PRESTIGE.NS,2023-07-31,594.0,2023-08-16,549.8,16,-725.5,-7.63,Exit rule,16
KEI.NS,2023-08-03,2356.0,2023-08-16,2280.1499,4,-321.94,-3.41,Exit rule,13
VBL.NS,2023-08-04,333.96,2023-08-16,347.16,29,363.05,3.74,Exit rule,12
NAUKRI.NS,2023-08-07,978.0,2023-08-16,858.0,10,-1218.36,-12.45,Exit rule,9
OFSS.NS,2023-08-07,3870.0,2023-08-17,4109.7998,2,463.64,5.98,Exit rule,10
COCHINSHIP.NS,2023-08-16,345.0,2023-08-17,406.475,28,1700.26,17.58,Exit rule,1
UNOMINDA.NS,2023-07-11,578.9,2023-08-18,639.9,17,1016.28,10.32,Exit rule,38
TECHM.NS,2023-08-09,1206.95,2023-08-18,1225.95,8,132.54,1.37,Exit rule,9
BAJAJHLDNG.NS,2023-08-17,7422.7002,2023-08-18,7150.4502,1,-286.82,-3.86,Exit rule,1
KPRMILL.NS,2023-08-10,638.1,2023-08-23,737.45,15,1469.62,15.34,Exit rule,13
TATACOMM.NS,2023-08-23,1786.85,2023-08-24,1828.65,5,190.92,2.13,Exit rule,1
HAL.NS,2023-08-23,1950.0,2023-08-24,2067.5,5,567.41,5.81,Exit rule,1
LODHA.NS,2023-08-17,715.0,2023-08-28,660.05,13,-732.23,-7.87,Exit rule,11
CANBK.NS,2023-08-24,66.98,2023-08-28,65.45,149,-247.7,-2.48,Exit rule,4
TVSMOTOR.NS,2023-06-30,1330.05,2023-08-30,1391.5,7,411.1,4.41,Exit rule,61
TATACHEM.NS,2023-08-29,1041.0,2023-08-30,1076.95,9,304.49,3.25,Exit rule,1
PIDILITIND.NS,2023-08-30,1290.0,2023-09-01,1262.475,7,-210.54,-2.33,Exit rule,2
NCC.NS,2023-08-23,152.0,2023-09-04,172.0,65,1278.94,12.93,Exit rule,12
BATAINDIA.NS,2023-08-18,1745.95,2023-09-05,1662.95,5,-432.04,-4.94,Exit rule,18
TORNTPOWER.NS,2023-08-23,665.15,2023-09-05,715.15,15,729.3,7.3,Exit rule,13
TATASTEEL.NS,2023-08-24,119.5,2023-09-05,131.75,83,995.9,10.03,Exit rule,12
IGL.NS,2023-08-30,231.25,2023-09-05,230.975,43,-31.7,-0.32,Exit rule,6
SUNDARMFIN.NS,2023-08-21,2585.05,2023-09-06,2611.0,3,62.26,0.8,Exit rule,16
HAVELLS.NS,2023-08-23,1328.05,2023-09-06,1360.0,7,204.83,2.2,Exit rule,14
MAZDOCK.NS,2023-08-16,936.5,2023-09-08,1089.0,10,1504.75,16.05,Exit rule,23
HDFCLIFE.NS,2023-08-30,636.5,2023-09-08,659.2,15,321.06,3.36,Exit rule,9
ONGC.NS,2023-09-04,183.85,2023-09-11,185.45,54,66.46,0.67,Exit rule,7
CDSL.NS,2023-09-06,618.0,2023-09-11,656.95,16,602.8,6.09,Exit rule,5
TCS.NS,2023-09-05,3420.0,2023-09-12,3492.0,2,130.18,1.9,Exit rule,7
ABB.NS,2023-09-05,4339.4502,2023-09-14,4360.0498,2,23.8,0.27,Exit rule,9
BATAINDIA.NS,2023-09-08,1732.0,2023-09-14,1675.35,5,-300.29,-3.46,Exit rule,6
CAMS.NS,2023-09-06,489.74,2023-09-15,525.0,20,684.91,6.99,Exit rule,9
UNIONBANK.NS,2023-09-05,88.8,2023-09-20,98.9,112,1110.18,11.15,Exit rule,15
AMBUJACEM.NS,2023-09-12,453.9,2023-09-20,436.5,22,-402.39,-4.03,Exit rule,8
ADANIENT.NS,2023-09-12,2622.45,2023-09-21,2479.8,3,-443.26,-5.63,Exit rule,9
INDIANB.NS,2023-09-12,399.2,2023-09-21,415.9,25,397.12,3.98,Exit rule,9
CIPLA.NS,2023-09-01,1264.9,2023-09-26,1181.0,7,-604.42,-6.82,Exit rule,25
360ONE.NS,2023-09-05,508.95,2023-10-03,502.1,19,-149.36,-1.54,Exit rule,28
RBLBANK.NS,2023-09-14,227.75,2023-10-05,253.7,43,1095.15,11.17,Exit rule,21
ADANIPORTS.NS,2023-09-12,889.5,2023-10-10,800.55,11,-997.04,-10.18,Exit rule,28
OIL.NS,2023-09-15,190.0,2023-10-10,212.0,52,1123.1,11.36,Exit rule,25
KIRLOSENG.NS,2023-09-27,512.65,2023-10-11,532.8,19,362.99,3.72,Exit rule,14
RAMCOCEM.NS,2023-09-26,909.9,2023-10-12,988.9,10,771.01,8.47,Exit rule,16
DIXON.NS,2023-09-27,5110.0,2023-10-13,5279.8999,1,159.51,3.12,Exit rule,16
NMDC.NS,2023-10-11,50.7667,2023-10-13,52.6667,196,352.13,3.54,Exit rule,2
MPHASIS.NS,2023-10-05,2440.1001,2023-10-16,2360.0,4,-339.6,-3.48,Exit rule,11
BRIGADE.NS,2023-10-10,449.25,2023-10-16,466.05,22,349.46,3.53,Exit rule,6
INFY.NS,2023-10-11,1497.0,2023-10-16,1432.1,6,-406.97,-4.53,Exit rule,5
NATCOPHARM.NS,2023-09-14,854.95,2023-10-17,848.9,11,-85.29,-0.91,Exit rule,33
POWERGRID.NS,2023-10-13,200.45,2023-10-18,208.45,49,371.96,3.78,Exit rule,5
LICI.NS,2023-10-18,324.6,2023-10-19,317.25,30,-239.76,-2.46,Exit rule,1
BAJAJ-AUTO.NS,2023-10-12,5085.0,2023-10-20,5450.0,1,354.47,6.96,Exit rule,8
IRCTC.NS,2023-09-26,689.2,2023-10-25,667.25,14,-326.29,-3.38,Exit rule,29
NCC.NS,2023-09-27,159.95,2023-10-25,148.0,62,-759.99,-7.66,Exit rule,28
CAMS.NS,2023-10-13,509.71,2023-10-25,482.97,19,-526.92,-5.44,Exit rule,12
CESC.NS,2023-10-17,89.05,2023-10-25,85.6,112,-405.96,-4.07,Exit rule,8
CONCOR.NS,2023-10-17,720.0,2023-10-25,699.0,13,-291.45,-3.11,Exit rule,8
JSWENERGY.NS,2023-10-17,405.0,2023-10-25,380.05,24,-617.64,-6.35,Exit rule,8
HCLTECH.NS,2023-10-16,1263.0,2023-10-26,1215.0,7,-353.35,-3.99,Exit rule,10
VBL.NS,2023-10-20,373.24,2023-10-26,351.92,26,-573.17,-5.9,Exit rule,6
KFINTECH.NS,2023-10-23,485.0,2023-10-27,439.35,20,-931.49,-9.59,Exit rule,4
JUBLFOOD.NS,2023-10-26,510.0,2023-10-27,510.1,19,-17.48,-0.18,Exit rule,1
PERSISTENT.NS,2023-10-03,2887.425,2023-10-31,3050.0,3,469.91,5.42,Exit rule,28
AXISBANK.NS,2023-10-30,1002.75,2023-10-31,998.0,9,-60.76,-0.67,Exit rule,1
MAZDOCK.NS,2023-10-30,1027.95,2023-10-31,991.675,9,-344.65,-3.72,Exit rule,1
JSWENERGY.NS,2023-10-27,390.5,2023-11-02,380.0,25,-281.76,-2.88,Exit rule,6
ADANIPOWER.NS,2023-10-30,70.88,2023-11-07,78.78,140,1085.05,10.92,Exit rule,8
TORNTPOWER.NS,2023-10-27,733.95,2023-11-15,835.0,13,1293.25,13.54,Exit rule,19
CANBK.NS,2023-10-27,72.34,2023-11-15,81.6,138,1256.64,12.58,Exit rule,19
UNIONBANK.NS,2023-10-30,101.3,2023-11-15,113.5,98,1174.55,11.82,Exit rule,16
GODREJPROP.NS,2023-10-31,1635.0,2023-11-15,1835.35,6,1181.28,12.03,Exit rule,15
NLCINDIA.NS,2023-10-31,136.15,2023-11-15,159.6,73,1690.26,16.99,Exit rule,15
VBL.NS,2023-10-30,368.56,2023-11-16,406.6,27,1006.15,10.1,Exit rule,17
LODHA.NS,2023-10-31,768.8,2023-11-16,855.0,12,1014.91,10.99,Exit rule,16
INDUSTOWER.NS,2023-11-03,191.0,2023-11-17,187.0,52,-227.66,-2.29,Exit rule,14
METROPOLIS.NS,2023-11-07,391.275,2023-11-17,404.25,25,304.49,3.11,Exit rule,10
IRFC.NS,2023-10-27,71.4,2023-11-20,77.4,139,813.32,8.19,Exit rule,24
ICICIGI.NS,2023-11-16,1399.9,2023-11-20,1446.15,7,303.83,3.1,Exit rule,4
JUBLFOOD.NS,2023-11-16,518.8,2023-11-21,522.0,19,41.03,0.42,Exit rule,5
INDIANB.NS,2023-11-30,420.0,2023-12-01,398.6,23,-511.03,-5.28,Exit rule,1
UBL.NS,2023-11-23,1604.95,2023-12-04,1683.0,6,448.57,4.65,Exit rule,11
GODREJCP.NS,2023-12-01,1013.0,2023-12-04,1040.0,9,224.52,2.46,Exit rule,3
NBCC.NS,2023-11-29,45.6667,2023-12-05,52.3333,218,1431.97,14.37,Exit rule,6
SUPREMEIND.NS,2023-12-01,4420.2002,2023-12-05,4750.0,2,641.26,7.25,Exit rule,4
NESTLEIND.NS,2023-12-01,1216.9976,2023-12-07,1248.425,8,231.7,2.38,Exit rule,6
PATANJALI.NS,2023-11-30,479.8333,2023-12-11,541.6833,20,1216.57,12.66,Exit rule,11
RAMCOCEM.NS,2023-11-30,1000.85,2023-12-13,1049.8,9,422.09,4.68,Exit rule,13
ESCORTS.NS,2023-12-12,3180.0,2023-12-13,3130.0,3,-168.93,-1.77,Exit rule,1
ERIS.NS,2023-12-12,908.05,2023-12-13,885.8,11,-264.48,-2.65,Exit rule,1
KFINTECH.NS,2023-12-15,518.0,2023-12-20,492.95,19,-495.16,-5.03,Exit rule,5
OIL.NS,2023-11-30,208.0,2023-12-21,242.0,48,1610.4,16.11,Exit rule,21
TRIDENT.NS,2023-12-12,38.1,2023-12-21,35.3,262,-752.83,-7.53,Exit rule,9
AMBER.NS,2023-12-18,3321.3,2023-12-21,3050.05,3,-832.86,-8.35,Exit rule,3
INDIANB.NS,2023-12-08,433.7,2023-12-22,417.05,23,-402.52,-4.03,Exit rule,14
ASTRAL.NS,2023-12-26,1945.0,2023-12-28,1918.95,5,-149.57,-1.54,Exit rule,2
SONACOMS.NS,2023-12-22,575.0,2024-01-01,646.0,17,1186.24,12.12,Exit rule,10
AJANTPHARM.NS,2023-12-26,1979.85,2024-01-01,2083.0,5,495.44,5.0,Exit rule,6
KPRMILL.NS,2023-12-29,826.0,2024-01-02,812.0,12,-187.66,-1.89,Exit rule,4
TORNTPOWER.NS,2024-01-01,944.8,2024-01-08,1038.15,10,913.67,9.66,Exit rule,7
TRIDENT.NS,2024-01-03,37.45,2024-01-08,42.0,266,1189.17,11.93,Exit rule,5
PHOENIXLTD.NS,2023-12-26,1162.425,2024-01-09,1260.0,8,761.22,8.18,Exit rule,14
RAMCOCEM.NS,2023-12-28,1015.0,2024-01-09,1005.8,9,-100.99,-1.1,Exit rule,12
METROPOLIS.NS,2023-12-22,427.5125,2024-01-11,403.2375,23,-577.43,-5.87,Exit rule,20
IPCALAB.NS,2023-12-29,1096.0,2024-01-11,1125.0,9,241.01,2.44,Exit rule,13
APOLLOTYRE.NS,2024-01-01,456.45,2024-01-11,469.0,21,244.12,2.54,Exit rule,10
BLUESTARCO.NS,2024-01-09,957.0,2024-01-11,976.0,10,170.67,1.78,Exit rule,2
SIEMENS.NS,2024-01-10,2460.0854,2024-01-11,2458.3538,4,-26.6,-0.27,Exit rule,1
DALBHARAT.NS,2023-12-28,2316.1001,2024-01-17,2258.3501,4,-249.3,-2.69,Exit rule,20
IREDA.NS,2024-01-15,110.75,2024-01-17,118.55,90,681.36,6.83,Exit rule,2
BPCL.NS,2023-12-29,227.25,2024-01-23,244.25,43,710.73,7.27,Exit rule,25
360ONE.NS,2024-01-08,664.9,2024-01-23,644.0,15,-333.13,-3.34,Exit rule,15
CREDITACC.NS,2024-01-08,1735.9,2024-01-24,1620.0,5,-596.28,-6.86,Exit rule,16
SBIN.NS,2024-01-15,638.9,2024-01-24,609.95,15,-452.98,-4.72,Exit rule,9
BSE.NS,2024-01-17,763.3333,2024-01-24,700.0,13,-842.36,-8.48,Exit rule,7
TATACOMM.NS,2024-01-19,1800.05,2024-01-24,1709.3,5,-471.3,-5.23,Exit rule,5
HINDZINC.NS,2024-01-23,316.45,2024-01-24,310.0,31,-219.37,-2.23,Exit rule,1
ICICIGI.NS,2024-01-18,1454.0,2024-01-25,1508.5,6,309.23,3.54,Exit rule,7
KPITTECH.NS,2023-12-14,1497.15,2024-01-29,1415.45,6,-507.68,-5.65,Exit rule,46
IDEA.NS,2024-01-25,14.9,2024-02-01,14.4,670,-354.63,-3.55,Exit rule,7
MCX.NS,2024-01-16,631.59,2024-02-05,736.96,15,1560.02,16.45,Exit rule,20
NMDC.NS,2024-01-25,71.2333,2024-02-06,80.75,140,1311.06,13.13,Exit rule,12
COALINDIA.NS,2024-01-25,386.8,2024-02-06,444.8,25,1429.21,14.77,Exit rule,12
BRITANNIA.NS,2024-01-25,5150.0,2024-02-07,5140.0,1,-20.29,-0.39,Exit rule,13
DRREDDY.NS,2024-01-25,1180.42,2024-02-08,1243.6,8,486.05,5.14,Exit rule,14
SUNDRMFAST.NS,2024-02-07,1249.1,2024-02-08,1230.0,7,-151.05,-1.73,Exit rule,1
RADICO.NS,2024-01-25,1668.0,2024-02-09,1741.7,5,351.45,4.21,Exit rule,15
YESBANK.NS,2024-02-07,26.1,2024-02-09,30.2,382,1544.69,15.48,Exit rule,2
TRENT.NS,2024-02-08,3735.3501,2024-02-09,3800.0,2,114.23,1.53,Exit rule,1
BHARATFORG.NS,2024-01-19,1225.0,2024-02-13,1160.95,8,-531.49,-5.42,Exit rule,25
UBL.NS,2024-02-12,1767.0,2024-02-13,1724.7,5,-228.96,-2.59,Exit rule,1
THERMAX.NS,2024-01-29,3130.7,2024-02-14,3315.0,3,533.56,5.68,Exit rule,16
NAUKRI.NS,2024-02-01,1040.0,2024-02-14,1084.96,9,385.52,4.11,Exit rule,13
PATANJALI.NS,2024-02-07,539.6166,2024-02-14,507.6833,18,-593.65,-6.11,Exit rule,7
PHOENIXLTD.NS,2024-02-05,1239.45,2024-02-16,1364.975,8,983.36,9.91,Exit rule,11
HAVELLS.NS,2024-02-14,1362.65,2024-02-16,1387.0,7,151.2,1.58,Exit rule,2
MANKIND.NS,2024-02-08,2200.0,2024-02-21,2208.95,4,18.16,0.21,Exit rule,13
KALYANKJIL.NS,2024-02-09,357.15,2024-02-27,376.25,27,495.9,5.14,Exit rule,18
KPRMILL.NS,2024-02-27,784.9,2024-02-28,765.45,12,-252.0,-2.67,Exit rule,1
PRESTIGE.NS,2024-02-22,1190.1,2024-03-01,1154.3,8,-305.15,-3.2,Exit rule,8
CESC.NS,2024-02-23,130.65,2024-03-01,126.85,76,-308.37,-3.1,Exit rule,7
LTTS.NS,2024-02-26,5441.6499,2024-03-01,5342.0,1,-110.43,-2.03,Exit rule,4
HAL.NS,2024-02-14,2887.0,2024-03-04,3157.0,3,791.87,9.13,Exit rule,19
AJANTPHARM.NS,2024-03-01,2219.6001,2024-03-05,2084.0,4,-559.61,-6.3,Exit rule,4
SAIL.NS,2024-03-04,138.2,2024-03-05,141.3,72,203.08,2.04,Exit rule,1
GLENMARK.NS,2024-02-19,875.0,2024-03-06,916.0,11,431.3,4.48,Exit rule,16
RVNL.NS,2024-02-20,267.6,2024-03-06,241.8,37,-973.45,-9.82,Exit rule,15
UNIONBANK.NS,2024-03-01,146.95,2024-03-06,158.0,67,719.92,7.3,Exit rule,5
BSE.NS,2024-02-28,803.3333,2024-03-11,747.95,12,-683.22,-7.08,Exit rule,12
IRFC.NS,2024-02-14,153.4,2024-03-13,136.75,65,-1101.11,-11.03,Exit rule,28
EXIDEIND.NS,2024-03-11,331.0,2024-03-13,319.05,30,-378.0,-3.8,Exit rule,2
AARTIIND.NS,2024-01-23,676.0,2024-03-14,616.0,14,-858.09,-9.06,Exit rule,51
NMDC.NS,2024-03-01,75.8,2024-03-14,67.8333,131,-1062.45,-10.69,Exit rule,13
INFY.NS,2024-03-15,1641.1,2024-03-19,1592.35,6,-311.9,-3.16,Exit rule,4
TCS.NS,2024-02-28,4095.6001,2024-03-20,3986.0,2,-235.36,-2.87,Exit rule,21
DRREDDY.NS,2024-03-05,1266.98,2024-03-20,1224.99,7,-311.37,-3.51,Exit rule,15
PHOENIXLTD.NS,2024-03-15,1333.6,2024-03-21,1291.05,7,-316.22,-3.38,Exit rule,6
METROBRAND.NS,2024-03-21,1200.0,2024-03-22,1163.0,8,-314.9,-3.28,Exit rule,1
CUMMINSIND.NS,2024-03-19,2713.0,2024-03-26,2938.95,3,660.89,8.11,Exit rule,7
GODREJCP.NS,2024-03-15,1217.0,2024-03-27,1199.95,8,-155.74,-1.6,Exit rule,12
AJANTPHARM.NS,2024-03-26,2142.5,2024-03-27,2223.05,4,304.74,3.55,Exit rule,1
ADANIPORTS.NS,2024-03-15,1273.8,2024-04-05,1367.0,7,633.91,7.1,Exit rule,21
GAIL.NS,2024-03-15,176.6,2024-04-05,186.2,56,517.28,5.23,Exit rule,21
SJVN.NS,2024-03-15,116.8,2024-04-05,131.6,85,1236.89,12.45,Exit rule,21
SHRIRAMFIN.NS,2024-03-27,482.0,2024-04-08,508.59,20,511.99,5.31,Exit rule,12
TECHM.NS,2024-04-05,1275.0,2024-04-08,1270.0,7,-52.81,-0.59,Exit rule,3
EICHERMOT.NS,2024-03-21,3881.3501,2024-04-09,4247.7998,2,716.64,9.22,Exit rule,19
SBIN.NS,2024-03-21,742.0,2024-04-12,777.25,13,438.5,4.54,Exit rule,22
NCC.NS,2024-03-22,236.0,2024-04-12,264.75,42,1186.47,11.96,Exit rule,21
INDIANB.NS,2024-03-27,512.0,2024-04-15,518.0,19,94.43,0.97,Exit rule,19
ADANIGREEN.NS,2024-03-15,1902.0,2024-04-16,1803.0,5,-513.52,-5.39,Exit rule,32
TORNTPHARM.NS,2024-04-09,2609.8,2024-04-16,2519.0,3,-287.79,-3.67,Exit rule,7
TRENT.NS,2024-04-12,4047.0,2024-04-24,4158.2998,2,206.19,2.54,Exit rule,12
ICICIPRULI.NS,2024-04-24,558.0,2024-04-25,572.0,17,218.79,2.3,Exit rule,1
CGPOWER.NS,2024-04-18,523.0,2024-04-29,563.35,19,746.01,7.5,Exit rule,11
TECHM.NS,2024-04-29,1290.0,2024-05-06,1258.0,7,-241.84,-2.68,Exit rule,7
UNIONBANK.NS,2024-04-23,151.65,2024-05-07,150.0,65,-126.86,-1.29,Exit rule,14
SOLARINDS.NS,2024-04-24,8740.0,2024-05-07,8950.0,1,192.31,2.2,Exit rule,13
ACC.NS,2024-04-26,2607.05,2024-05-07,2490.0,3,-366.44,-4.68,Exit rule,11
ASTRAL.NS,2024-04-26,2016.95,2024-05-07,2114.5,4,373.67,4.63,Exit rule,11
GMRAIRPORT.NS,2024-04-26,85.9,2024-05-08,79.6,116,-750.0,-7.52,Exit rule,12
INDIANB.NS,2024-04-26,527.05,2024-05-08,520.0,18,-145.75,-1.53,Exit rule,12
GUJGASLTD.NS,2024-05-07,563.0,2024-05-08,538.95,17,-427.58,-4.46,Exit rule,1
DLF.NS,2024-05-07,885.8,2024-05-08,856.0,11,-346.96,-3.56,Exit rule,1
ONGC.NS,2024-03-15,263.95,2024-05-10,267.0,37,93.2,0.95,Exit rule,56
LUPIN.NS,2024-04-23,1602.0,2024-05-10,1583.95,6,-127.42,-1.32,Exit rule,17
MAXHEALTH.NS,2024-04-25,810.0,2024-05-10,792.0,12,-235.22,-2.42,Exit rule,15
NCC.NS,2024-05-07,252.0,2024-05-10,237.0,39,-604.07,-6.14,Exit rule,3
IGL.NS,2024-05-09,225.6,2024-05-10,222.0,44,-178.09,-1.79,Exit rule,1
CANBK.NS,2024-05-16,120.35,2024-05-17,114.95,83,-467.73,-4.68,Exit rule,1
ADANIPOWER.NS,2024-05-10,123.0,2024-05-22,137.58,81,1159.87,11.63,Exit rule,12
MANAPPURAM.NS,2024-05-17,185.8,2024-05-22,181.45,53,-250.01,-2.54,Exit rule,5
SONACOMS.NS,2024-05-22,639.7,2024-05-23,633.8,15,-107.6,-1.12,Exit rule,1
SUZLON.NS,2024-05-16,42.5,2024-05-24,49.0,235,1506.0,15.06,Exit rule,8
PIIND.NS,2024-05-23,3699.0,2024-05-24,3674.0,2,-64.75,-0.87,Exit rule,1
NYKAA.NS,2024-05-08,172.5,2024-05-27,169.0,57,-218.97,-2.22,Exit rule,19
RADICO.NS,2024-05-17,1723.95,2024-05-27,1640.0,5,-436.57,-5.06,Exit rule,10
DEEPAKNTR.NS,2024-05-27,2365.3501,2024-05-28,2345.0,4,-100.24,-1.06,Exit rule,1
AXISBANK.NS,2024-05-24,1165.5,2024-05-29,1172.0,8,33.3,0.36,Exit rule,5
LICHSGFIN.NS,2024-05-17,656.0,2024-05-31,633.0,15,-364.33,-3.7,Exit rule,14
BANKBARODA.NS,2024-05-24,268.95,2024-05-31,263.4,37,-225.05,-2.26,Exit rule,7
JBCHEPHARM.NS,2024-05-28,1796.5,2024-05-31,1740.0,5,-300.18,-3.34,Exit rule,3
UNITDSPR.NS,2024-05-29,1190.15,2024-06-03,1174.0,8,-148.11,-1.55,Exit rule,5
LICI.NS,2024-05-16,500.0,2024-06-04,526.0,19,474.51,4.99,Exit rule,19
GODREJPROP.NS,2024-05-06,2680.0,2024-06-05,2615.0,3,-210.88,-2.62,Exit rule,30
NATIONALUM.NS,2024-05-15,190.5,2024-06-05,164.4,52,-1375.66,-13.87,Exit rule,21
INOXWIND.NS,2024-05-17,154.925,2024-06-05,137.3,64,-1146.7,-11.55,Exit rule,19
HONASA.NS,2024-05-22,424.45,2024-06-05,423.95,23,-31.01,-0.32,Exit rule,14
KFINTECH.NS,2024-06-04,710.05,2024-06-05,668.9,14,-595.4,-5.98,Exit rule,1
BANKINDIA.NS,2024-06-04,135.85,2024-06-05,119.0,73,-1248.65,-12.58,Exit rule,1
UNITDSPR.NS,2024-06-04,1179.05,2024-06-06,1298.5,8,935.78,9.91,Exit rule,2
COLPAL.NS,2024-06-05,2811.0,2024-06-06,2970.0,3,459.66,5.45,Exit rule,1
UBL.NS,2024-06-05,1930.0,2024-06-07,2045.0,5,555.12,5.75,Exit rule,2
LUPIN.NS,2024-06-06,1645.0,2024-06-07,1626.95,6,-127.93,-1.29,Exit rule,1
VOLTAS.NS,2024-05-28,1416.4,2024-06-10,1458.0,7,271.08,2.73,Exit rule,13
SUNPHARMA.NS,2024-06-10,1519.0,2024-06-12,1500.0,6,-132.11,-1.45,Exit rule,2
KALYANKJIL.NS,2024-06-06,402.95,2024-06-14,398.4,24,-128.43,-1.33,Exit rule,8
GODREJIND.NS,2024-06-14,839.5,2024-06-19,822.8,11,-201.99,-2.19,Exit rule,5
VBL.NS,2024-06-06,600.0,2024-06-20,651.92,16,810.69,8.44,Exit rule,14
FEDERALBNK.NS,2024-06-06,167.7,2024-06-21,179.73,59,689.27,6.96,Exit rule,15
NAUKRI.NS,2024-06-06,1220.0,2024-06-21,1266.59,8,352.83,3.61,Exit rule,15
ALKEM.NS,2024-06-19,5232.0,2024-06-24,5088.0,1,-154.32,-2.95,Exit rule,5
KARURVYSYA.NS,2024-06-06,162.5417,2024-06-26,172.625,61,594.64,5.99,Exit rule,20
LLOYDSME.NS,2024-06-07,692.4,2024-06-26,729.8,14,503.69,5.19,Exit rule,19
BHEL.NS,2024-06-07,279.0,2024-06-26,294.2,35,511.94,5.24,Exit rule,19
IRCON.NS,2024-06-12,272.0,2024-06-26,272.0,36,-19.58,-0.2,Exit rule,14
AJANTPHARM.NS,2024-06-10,2443.95,2024-06-27,2323.2,4,-502.07,-5.13,Exit rule,17
LAURUSLABS.NS,2024-07-03,438.4,2024-07-08,480.0,22,895.0,9.27,Exit rule,5
NHPC.NS,2024-07-04,102.0,2024-07-10,106.79,97,444.38,4.49,Exit rule,6
INOXWIND.NS,2024-07-05,160.65,2024-07-10,162.01,62,64.32,0.65,Exit rule,5
SONACOMS.NS,2024-07-02,672.5,2024-07-11,692.9,14,266.48,2.83,Exit rule,9
TORNTPHARM.NS,2024-07-03,2837.0,2024-07-12,2969.8,3,380.98,4.47,Exit rule,9
LICI.NS,2024-07-10,516.475,2024-07-16,532.5,19,284.54,2.9,Exit rule,6
INDIANB.NS,2024-07-10,536.0,2024-07-16,578.65,18,747.64,7.74,Exit rule,6
TATACONSUM.NS,2024-07-04,1147.55,2024-07-18,1160.5745,8,85.73,0.93,Exit rule,14
UBL.NS,2024-07-08,2087.3999,2024-07-18,2085.0,4,-26.29,-0.31,Exit rule,10
DMART.NS,2024-06-05,4590.0,2024-07-22,4955.0,2,710.91,7.74,Exit rule,47
M&MFIN.NS,2024-07-12,302.95,2024-07-22,288.2,32,-490.92,-5.06,Exit rule,10
KPRMILL.NS,2024-07-18,875.0,2024-07-22,826.0,11,-557.71,-5.79,Exit rule,4
BRIGADE.NS,2024-07-18,975.0375,2024-07-23,945.4875,10,-314.71,-3.22,Exit rule,5
HINDZINC.NS,2024-06-21,652.3,2024-07-24,624.1,15,-442.15,-4.51,Exit rule,33
TORNTPOWER.NS,2024-07-11,1545.25,2024-07-30,1612.0,6,381.56,4.11,Exit rule,19
ASHOKLEY.NS,2024-07-23,115.645,2024-07-30,128.2,86,1058.76,10.64,Exit rule,7
NTPC.NS,2024-07-23,376.7,2024-08-02,416.25,26,1007.68,10.28,Exit rule,10
BLUESTARCO.NS,2024-07-08,1710.6,2024-08-06,1656.95,5,-285.09,-3.33,Exit rule,29
CHOLAFIN.NS,2024-07-16,1418.9,2024-08-06,1355.0,7,-466.72,-4.69,Exit rule,21
BHARATFORG.NS,2024-07-23,1630.0,2024-08-06,1568.0,6,-391.19,-4.0,Exit rule,14
NBCC.NS,2024-07-30,125.0667,2024-08-06,113.3333,79,-945.77,-9.56,Stop,7
BEL.NS,2024-07-30,325.2,2024-08-06,292.0,30,-1014.52,-10.39,Exit rule,7
INDHOTEL.NS,2024-07-23,620.35,2024-08-07,605.0,16,-265.21,-2.67,Exit rule,15
JSWSTEEL.NS,2024-08-08,900.0,2024-08-09,896.05,11,-63.21,-0.64,Exit rule,1
BALKRISIND.NS,2024-07-16,3159.3,2024-08-12,2974.05,3,-574.15,-6.05,Exit rule,27
OIL.NS,2024-08-08,617.8,2024-08-12,642.5,16,375.04,3.79,Exit rule,4
AMBER.NS,2024-08-05,4250.0,2024-08-13,4160.0,2,-196.82,-2.31,Exit rule,8
PIDILITIND.NS,2024-08-08,1592.125,2024-08-13,1515.25,6,-479.89,-5.02,Exit rule,5
HONASA.NS,2024-08-09,503.0,2024-08-13,477.95,19,-494.59,-5.17,Exit rule,4
HUDCO.NS,2024-08-13,309.7,2024-08-14,293.05,32,-552.09,-5.57,Exit rule,1
KAJARIACER.NS,2024-07-24,1457.5,2024-08-16,1389.15,6,-427.18,-4.88,Exit rule,23
EICHERMOT.NS,2024-08-12,4799.0,2024-08-16,4735.1001,2,-146.87,-1.53,Exit rule,4
CUMMINSIND.NS,2024-08-08,3700.0,2024-08-26,3850.0,2,284.9,3.85,Exit rule,18
RADICO.NS,2024-08-20,1700.0,2024-08-26,1880.0,5,882.1,10.37,Exit rule,6
TVSMOTOR.NS,2024-07-08,2445.95,2024-08-27,2785.0,4,1335.28,13.63,Exit rule,50
TCS.NS,2024-08-16,4350.0,2024-08-27,4505.0,2,292.29,3.36,Exit rule,11
BAJAJHLDNG.NS,2024-08-16,9400.0,2024-08-27,9911.9004,1,492.59,5.24,Exit rule,11
LTTS.NS,2024-08-19,5237.0,2024-08-27,5520.0,1,272.24,5.19,Exit rule,8
HINDALCO.NS,2024-08-20,663.0,2024-08-27,711.9,15,712.88,7.16,Exit rule,7
ESCORTS.NS,2024-08-26,3900.2,2024-08-28,3880.0,2,-55.96,-0.72,Exit rule,2
GMRAIRPORT.NS,2024-08-26,96.34,2024-08-29,94.75,103,-183.45,-1.85,Exit rule,3
ABFRL.NS,2024-08-27,324.1,2024-08-29,315.0,30,-292.17,-3.0,Exit rule,2
SUNDRMFAST.NS,2024-08-27,1379.7,2024-08-30,1346.9,7,-248.69,-2.57,Exit rule,3
RVNL.NS,2024-08-13,581.7,2024-09-02,610.5,17,469.33,4.74,Exit rule,20
BRITANNIA.NS,2024-08-07,5890.2002,2024-09-03,5933.0,1,30.98,0.53,Exit rule,27
NATIONALUM.NS,2024-08-27,182.71,2024-09-03,178.65,54,-238.75,-2.42,Exit rule,7
MAXHEALTH.NS,2024-09-03,884.95,2024-09-04,870.0,11,-183.75,-1.89,Exit rule,1
ABFRL.NS,2024-09-03,321.45,2024-09-04,313.9,31,-253.75,-2.54,Exit rule,1
PIDILITIND.NS,2024-09-02,1575.0,2024-09-05,1607.475,6,175.76,1.86,Exit rule,3
KAJARIACER.NS,2024-09-04,1389.0,2024-09-06,1469.5,7,543.49,5.58,Exit rule,2
MFSL.NS,2024-09-02,1086.75,2024-09-09,1130.45,9,373.34,3.81,Exit rule,7
MAZDOCK.NS,2024-09-05,2411.0,2024-09-09,2245.0,4,-682.62,-7.07,Exit rule,4
NTPC.NS,2024-09-11,399.0,2024-09-12,391.0,25,-219.75,-2.2,Exit rule,1
POWERGRID.NS,2024-09-11,336.9,2024-09-12,334.85,29,-78.93,-0.81,Exit rule,1
BPCL.NS,2024-09-13,346.0,2024-09-19,337.95,28,-244.55,-2.52,Exit rule,6
KOTAKBANK.NS,2024-09-13,367.4,2024-09-19,369.98,27,49.75,0.5,Exit rule,6
KEI.NS,2024-09-19,4535.75,2024-09-20,4384.7998,2,-319.74,-3.52,Exit rule,1
ETERNAL.NS,2024-09-06,255.0,2024-09-23,292.0,39,1421.67,14.28,Exit rule,17
SUZLON.NS,2024-09-11,79.34,2024-09-23,84.19,125,585.81,5.9,Exit rule,12
GRASIM.NS,2024-09-13,2760.1001,2024-09-23,2705.0,3,-181.7,-2.19,Exit rule,10
CGPOWER.NS,2024-09-13,729.15,2024-09-24,776.0,13,589.48,6.21,Exit rule,11
HINDALCO.NS,2024-09-13,686.0,2024-09-25,725.0,14,526.25,5.47,Exit rule,12
JSL.NS,2024-09-23,765.95,2024-09-26,791.0,13,305.41,3.06,Exit rule,3
EICHERMOT.NS,2024-09-13,4857.8999,2024-09-27,4990.0,2,244.5,2.51,Exit rule,14
FINEORG.NS,2024-09-19,5455.0,2024-09-27,5267.0,1,-198.72,-3.64,Exit rule,8
JBCHEPHARM.NS,2024-09-24,1955.0,2024-09-27,1890.0,5,-344.23,-3.52,Exit rule,3
360ONE.NS,2024-09-27,1075.2,2024-10-01,1040.0,9,-335.84,-3.47,Exit rule,4
PHOENIXLTD.NS,2024-09-23,1880.9,2024-10-03,1691.85,5,-963.11,-10.23,Exit rule,10
UNOMINDA.NS,2024-09-23,1125.7,2024-10-04,1045.0,8,-662.97,-7.35,Exit rule,11
WHIRLPOOL.NS,2024-09-27,2155.0,2024-10-04,2341.0,4,726.02,8.41,Exit rule,7
IOC.NS,2024-09-30,179.71,2024-10-04,169.5,55,-580.76,-5.87,Exit rule,4
CAMS.NS,2024-08-08,841.7,2024-10-07,853.2,11,107.86,1.16,Exit rule,60
DRREDDY.NS,2024-09-26,1342.96,2024-10-07,1336.71,7,-62.51,-0.66,Exit rule,11
COROMANDEL.NS,2024-10-01,1675.0,2024-10-07,1625.0,5,-266.5,-3.18,Exit rule,6
GRANULES.NS,2024-10-04,595.0,2024-10-07,570.95,16,-403.46,-4.23,Exit rule,3
ATUL.NS,2024-10-03,7995.0,2024-10-08,7513.0,1,-497.51,-6.22,Exit rule,5
LALPATHLAB.NS,2024-09-25,1685.0,2024-10-09,1787.5,5,495.14,5.87,Exit rule,14
ITC.NS,2024-10-08,491.0868,2024-10-10,476.9801,20,-301.5,-3.07,Exit rule,2
HAVELLS.NS,2024-10-09,1934.1,2024-10-10,1941.0,5,15.12,0.16,Exit rule,1
CHOLAFIN.NS,2024-10-09,1539.0,2024-10-17,1485.25,6,-340.65,-3.69,Exit rule,8
MARICO.NS,2024-10-09,700.0,2024-10-18,665.0,14,-509.11,-5.19,Exit rule,9
TVSMOTOR.NS,2024-10-09,2760.0,2024-10-18,2678.95,3,-259.47,-3.13,Exit rule,9
ENDURANCE.NS,2024-10-17,2449.0,2024-10-18,2380.0,4,-295.32,-3.01,Exit rule,1
INFY.NS,2024-10-07,1923.2,2024-10-21,1891.1,5,-179.57,-1.87,Exit rule,14
PIIND.NS,2024-10-21,4560.8999,2024-10-22,4385.7002,2,-368.29,-4.03,Exit rule,1
TORNTPHARM.NS,2024-09-23,3477.95,2024-10-23,3339.6499,2,-290.24,-4.17,Exit rule,30
CAMS.NS,2024-10-09,879.99,2024-10-23,878.6,11,-34.63,-0.36,Exit rule,14
INDHOTEL.NS,2024-10-09,685.1,2024-10-23,652.2,14,-479.32,-4.99,Exit rule,14
LAURUSLABS.NS,2024-10-11,468.5,2024-10-23,445.0,21,-512.68,-5.21,Exit rule,12
CESC.NS,2024-10-21,198.5,2024-10-23,185.5,50,-669.2,-6.74,Exit rule,2
M&M.NS,2024-10-22,3005.0,2024-10-23,2876.1499,3,-404.19,-4.48,Exit rule,1
TECHM.NS,2024-09-11,1612.0,2024-10-24,1735.05,6,718.22,7.42,Exit rule,43
NAUKRI.NS,2024-10-24,1566.14,2024-10-25,1548.0,6,-127.52,-1.36,Exit rule,1
PNBHOUSING.NS,2024-10-24,937.95,2024-10-25,972.0,10,321.4,3.42,Exit rule,1
ETERNAL.NS,2024-10-24,267.2,2024-10-25,256.0,37,-433.76,-4.38,Exit rule,1
CDSL.NS,2024-10-10,1486.0,2024-10-28,1472.0,6,-101.75,-1.14,Exit rule,18
HDFCBANK.NS,2024-10-22,865.025,2024-10-28,871.0,11,46.63,0.49,Exit rule,6
CUB.NS,2024-10-23,123.0,2024-10-28,129.525,81,508.07,5.09,Exit rule,5
TORNTPHARM.NS,2024-10-28,3435.0,2024-10-29,3300.0,2,-283.47,-4.12,Exit rule,1
PIDILITIND.NS,2024-10-28,1604.0,2024-10-29,1580.825,6,-158.16,-1.64,Exit rule,1
KARURVYSYA.NS,2024-10-18,177.0833,2024-10-30,185.9667,56,477.14,4.81,Exit rule,12
SYNGENE.NS,2024-10-25,879.0,2024-10-30,851.0,11,-327.03,-3.38,Exit rule,5
SONACOMS.NS,2024-10-25,727.5,2024-10-30,682.0,13,-609.82,-6.44,Exit rule,5
INDIANB.NS,2024-10-29,545.0,2024-10-30,568.25,18,398.46,4.06,Exit rule,1
APLAPOLLO.NS,2024-10-30,1465.6,2024-10-31,1486.7,6,108.89,1.24,Exit rule,1
ICICIPRULI.NS,2024-10-24,747.0,2024-11-01,738.1,13,-135.01,-1.39,Exit rule,8
SUNPHARMA.NS,2024-10-29,1922.0,2024-11-05,1805.0,5,-603.63,-6.28,Exit rule,7
GLENMARK.NS,2024-11-06,1725.05,2024-11-08,1668.9,5,-297.72,-3.45,Exit rule,2
COFORGE.NS,2024-10-24,1507.0,2024-11-11,1590.14,6,480.26,5.31,Exit rule,18
PIIND.NS,2024-10-31,4562.0,2024-11-12,4604.8999,2,67.47,0.74,Exit rule,12
KFINTECH.NS,2024-11-01,1011.7,2024-11-12,1005.0,9,-78.45,-0.86,Exit rule,11
CUMMINSIND.NS,2024-11-11,3645.0,2024-11-12,3601.95,2,-100.59,-1.38,Exit rule,1
NMDC.NS,2024-11-05,75.4867,2024-11-13,74.8967,132,-97.73,-0.98,Exit rule,8
JSWSTEEL.NS,2024-11-06,1000.0,2024-11-13,953.5,9,-436.08,-4.84,Exit rule,7
POWERGRID.NS,2024-11-12,331.5,2024-11-13,322.65,30,-285.12,-2.86,Exit rule,1
MANKIND.NS,2024-10-31,2616.05,2024-11-14,2532.1499,3,-267.15,-3.4,Exit rule,14
APLAPOLLO.NS,2024-11-01,1530.0,2024-11-14,1501.0,6,-192.19,-2.09,Exit rule,13
IPCALAB.NS,2024-11-13,1559.5,2024-11-14,1494.95,6,-405.63,-4.33,Exit rule,1
PERSISTENT.NS,2024-10-24,5693.4502,2024-11-25,5875.0,1,169.98,2.98,Exit rule,32
VBL.NS,2024-11-19,616.0,2024-11-26,607.25,16,-159.57,-1.62,Exit rule,7
IPCALAB.NS,2024-11-18,1544.1,2024-11-28,1529.95,6,-103.34,-1.11,Exit rule,10
MANKIND.NS,2024-11-26,2629.0,2024-11-28,2558.7,3,-226.46,-2.87,Exit rule,2
BANKBARODA.NS,2024-11-26,247.1,2024-11-28,247.45,40,-5.78,-0.06,Exit rule,2
MAXHEALTH.NS,2024-11-28,1014.95,2024-11-29,982.0,9,-314.52,-3.44,Exit rule,1
AJANTPHARM.NS,2024-12-02,3036.8,2024-12-04,2984.25,3,-175.71,-1.93,Exit rule,2
BHARTIARTL.NS,2024-12-02,1627.15,2024-12-05,1600.0,6,-182.26,-1.87,Exit rule,3
INDIANB.NS,2024-11-26,568.0,2024-12-06,600.0,17,524.14,5.42,Exit rule,10
KARURVYSYA.NS,2024-11-26,186.75,2024-12-06,200.0,53,681.75,6.88,Exit rule,10
ANGELONE.NS,2024-11-27,295.5,2024-12-06,318.0,33,722.25,7.4,Exit rule,9
SONACOMS.NS,2024-12-05,692.7,2024-12-06,678.4,14,-219.4,-2.26,Exit rule,1
TECHM.NS,2024-11-05,1638.3,2024-12-10,1766.2,6,746.97,7.59,Exit rule,35
NATCOPHARM.NS,2024-12-03,1422.05,2024-12-10,1497.9,7,510.51,5.12,Exit rule,7
HDFCAMC.NS,2024-12-05,2197.5,2024-12-10,2237.8501,4,143.66,1.63,Exit rule,5
SBIN.NS,2024-11-25,827.0,2024-12-11,867.5,12,465.67,4.69,Exit rule,16
PATANJALI.NS,2024-12-03,621.6667,2024-12-18,593.3333,16,-472.77,-4.75,Exit rule,15
RADICO.NS,2024-11-26,2356.05,2024-12-26,2540.7,4,719.01,7.62,Exit rule,30
AJANTPHARM.NS,2024-12-30,3020.0,2025-01-01,2935.0,3,-272.86,-3.01,Exit rule,2
IRFC.NS,2024-12-31,149.99,2025-01-01,149.7,66,-38.92,-0.39,Exit rule,1
TECHM.NS,2024-12-31,1729.0,2025-01-01,1700.6,5,-159.15,-1.84,Exit rule,1
LAURUSLABS.NS,2024-12-30,591.0,2025-01-02,617.5,16,404.66,4.28,Exit rule,3
KEI.NS,2024-12-27,4320.9502,2025-01-07,4225.0,2,-208.99,-2.42,Exit rule,11
VBL.NS,2024-12-31,637.9,2025-01-08,621.5,15,-264.89,-2.77,Exit rule,8
KALYANKJIL.NS,2025-01-01,760.0,2025-01-08,724.45,13,-481.45,-4.87,Exit rule,7
APLAPOLLO.NS,2025-01-02,1585.0,2025-01-09,1530.0,6,-348.69,-3.66,Exit rule,7
POLICYBZR.NS,2024-12-31,2045.5,2025-01-10,1918.05,4,-525.65,-6.42,Exit rule,10
PHOENIXLTD.NS,2025-01-09,1673.8,2025-01-10,1654.0,5,-115.64,-1.38,Exit rule,1
IREDA.NS,2024-12-31,215.75,2025-01-13,200.47,46,-722.03,-7.27,Exit rule,13
FORTIS.NS,2024-12-31,706.0,2025-01-14,669.45,14,-530.96,-5.37,Exit rule,14
METROBRAND.NS,2025-01-02,1246.95,2025-01-14,1175.0,8,-594.98,-5.96,Exit rule,12
BDL.NS,2025-01-10,1191.0,2025-01-14,1117.45,8,-606.87,-6.36,Exit rule,4
COFORGE.NS,2025-01-13,1864.7,2025-01-14,1750.8,5,-587.58,-6.3,Exit rule,1
PERSISTENT.NS,2025-01-13,6289.25,2025-01-14,6047.5,1,-254.09,-4.04,Exit rule,1
WIPRO.NS,2025-01-13,298.95,2025-01-14,291.8,33,-255.45,-2.59,Exit rule,1
TECHM.NS,2025-01-13,1698.05,2025-01-14,1669.9,5,-157.59,-1.85,Exit rule,1
TCS.NS,2025-01-13,4245.0,2025-01-17,4159.8999,2,-187.01,-2.2,Exit rule,4
PERSISTENT.NS,2025-01-16,6155.2002,2025-01-17,6095.0,1,-72.45,-1.18,Exit rule,1
INFY.NS,2025-01-03,1952.95,2025-01-20,1822.95,5,-668.88,-6.84,Exit rule,17
360ONE.NS,2025-01-16,1172.1,2025-01-23,1130.0,8,-355.22,-3.78,Exit rule,7
METROBRAND.NS,2025-01-24,1238.0,2025-01-27,1237.0,8,-27.8,-0.28,Exit rule,3
KEI.NS,2025-01-24,4478.25,2025-01-28,3991.0,2,-991.44,-11.06,Exit rule,4
SUNPHARMA.NS,2025-01-24,1829.0,2025-01-28,1779.8,5,-264.04,-2.88,Exit rule,4
PERSISTENT.NS,2025-01-24,6287.7002,2025-01-28,6000.0,1,-299.99,-4.77,Exit rule,4
BIOCON.NS,2024-12-31,365.75,2025-01-29,360.2,27,-169.45,-1.71,Exit rule,29
BSE.NS,2025-01-15,1850.0,2025-01-29,1716.6666,5,-684.5,-7.39,Exit rule,14
COFORGE.NS,2025-01-24,1820.0,2025-01-29,1700.0,5,-617.6,-6.78,Exit rule,5
TORNTPHARM.NS,2025-01-28,3321.1001,2025-02-01,3275.0,3,-158.09,-1.59,Exit rule,4
COROMANDEL.NS,2025-01-31,1834.0,2025-02-01,1824.4,5,-66.29,-0.72,Exit rule,1
EICHERMOT.NS,2025-01-27,5190.0,2025-02-03,5575.0,1,374.24,7.2,Exit rule,7
M&M.NS,2025-01-31,2970.0,2025-02-06,3170.0,3,581.58,6.52,Exit rule,6
ERIS.NS,2025-02-06,1162.0,2025-02-10,1464.15,8,2396.19,25.75,Exit rule,4
INFY.NS,2025-02-05,1906.0,2025-02-11,1883.1,5,-133.45,-1.4,Exit rule,6
SUNDARMFIN.NS,2025-02-05,4606.0,2025-02-12,4345.0498,2,-539.8,-5.85,Exit rule,7
BSE.NS,2025-02-06,1952.6666,2025-02-12,1731.3334,5,-1125.09,-11.51,Exit rule,6
BIOCON.NS,2025-02-06,390.25,2025-02-12,360.95,25,-751.28,-7.69,Exit rule,6
INDUSTOWER.NS,2025-02-10,363.25,2025-02-12,349.0,27,-403.98,-4.11,Exit rule,2
PATANJALI.NS,2025-02-07,607.2167,2025-02-13,599.0,16,-150.77,-1.55,Exit rule,6
BSE.NS,2025-02-13,1788.0,2025-02-14,1778.3334,5,-66.16,-0.74,Exit rule,1
LAURUSLABS.NS,2025-01-31,585.0,2025-02-17,544.0,17,-716.19,-7.19,Exit rule,17
BHARTIARTL.NS,2025-02-27,1643.4,2025-03-03,1579.0,6,-405.73,-4.11,Exit rule,4
HDFCBANK.NS,2025-03-03,869.9,2025-03-04,849.0,11,-248.81,-2.6,Exit rule,1
SRF.NS,2025-02-28,2826.1001,2025-03-10,2945.0,3,339.39,4.0,Exit rule,10
ICICIBANK.NS,2025-03-12,1246.95,2025-03-19,1305.6,8,448.78,4.49,Exit rule,7
BLUESTARCO.NS,2025-03-04,2000.0,2025-03-20,2239.0,4,939.04,11.73,Exit rule,16
MUTHOOTFIN.NS,2025-03-18,2290.2,2025-03-20,2425.3501,4,521.74,5.69,Exit rule,2
BAJAJFINSV.NS,2025-03-18,1871.6,2025-03-26,1951.0,5,377.89,4.03,Exit rule,8
SUNDARMFIN.NS,2025-03-13,4650.0,2025-03-28,4572.1001,2,-174.24,-1.87,Exit rule,15
UPL.NS,2025-03-18,626.15,2025-04-08,619.0,15,-125.93,-1.34,Exit rule,21
KFINTECH.NS,2025-04-21,1121.1,2025-04-22,1215.0,8,732.51,8.16,Exit rule,1
SHRIRAMFIN.NS,2025-04-15,651.95,2025-04-29,625.0,15,-423.4,-4.33,Exit rule,14
SRF.NS,2025-04-15,3005.0,2025-05-02,3009.0,3,-6.04,-0.07,Exit rule,17
LAURUSLABS.NS,2025-04-15,611.55,2025-05-09,578.0,16,-555.83,-5.67,Exit rule,24
CHOLAFIN.NS,2025-04-09,1475.0,2025-05-22,1652.5,6,1046.24,11.81,Exit rule,43
MANKIND.NS,2025-05-13,2500.0,2025-05-23,2455.0,3,-149.86,-2.0,Exit rule,10
RAMCOCEM.NS,2025-05-09,922.0,2025-05-26,1005.0,10,810.73,8.78,Exit rule,17
UNIONBANK.NS,2025-05-12,126.0,2025-05-27,140.0,79,1084.99,10.89,Exit rule,15
LLOYDSME.NS,2025-05-13,1266.5,2025-05-27,1356.0,7,608.14,6.85,Exit rule,14
JSWSTEEL.NS,2025-05-16,1043.4,2025-05-29,1020.4,9,-225.57,-2.4,Exit rule,13
SHRIRAMFIN.NS,2025-05-16,674.0,2025-06-02,638.3,14,-518.17,-5.49,Exit rule,17
APOLLOHOSP.NS,2025-05-16,7080.0,2025-06-04,6812.5,1,-281.39,-3.97,Exit rule,19
KFINTECH.NS,2025-06-03,1142.9,2025-06-04,1145.0,8,-1.5,-0.02,Exit rule,1
MUTHOOTFIN.NS,2025-06-02,2208.0,2025-06-06,2303.8999,4,365.55,4.13,Exit rule,4
GODREJCP.NS,2025-06-03,1264.1,2025-06-06,1220.0,7,-326.09,-3.68,Exit rule,3
SBICARD.NS,2025-04-09,840.2,2025-06-09,995.1,11,1683.71,18.2,Exit rule,61
PNBHOUSING.NS,2025-06-03,1080.0,2025-06-10,1136.0,9,484.06,4.98,Exit rule,7
UNITDSPR.NS,2025-06-03,1579.0,2025-06-12,1505.0,6,-462.5,-4.88,Exit rule,9
JUBLFOOD.NS,2025-06-05,687.0,2025-06-13,665.4,14,-321.33,-3.34,Exit rule,8
JSWSTEEL.NS,2025-06-09,1006.3,2025-06-13,984.7,9,-212.32,-2.34,Exit rule,4
INDIGO.NS,2025-05-13,5501.0,2025-06-16,5280.0,1,-231.78,-4.21,Exit rule,34
CHOLAFIN.NS,2025-06-09,1620.0,2025-06-16,1555.0,6,-409.05,-4.2,Exit rule,7
BAJFINANCE.NS,2025-06-09,955.0,2025-06-20,897.0,10,-598.52,-6.26,Exit rule,11
APOLLOHOSP.NS,2025-06-06,6867.0,2025-06-30,7336.5,1,455.3,6.62,Exit rule,24
RELIANCE.NS,2025-06-06,1441.0,2025-07-02,1528.4,6,506.58,5.85,Exit rule,26
TITAN.NS,2025-06-20,3500.0,2025-07-03,3702.0,2,389.6,5.56,Exit rule,13
NYKAA.NS,2025-06-23,196.01,2025-07-03,205.0,50,429.45,4.38,Exit rule,10
M&M.NS,2025-06-03,3042.0,2025-07-04,3161.1001,3,338.69,3.71,Exit rule,31
FINEORG.NS,2025-06-24,4720.1001,2025-07-07,5268.1001,2,1076.02,11.39,Exit rule,13
HUDCO.NS,2025-06-26,239.61,2025-07-08,227.72,41,-506.65,-5.15,Exit rule,12
BANKINDIA.NS,2025-07-02,121.09,2025-07-09,117.39,82,-322.96,-3.25,Exit rule,7
PNB.NS,2025-07-01,110.65,2025-07-10,111.3,90,38.52,0.39,Exit rule,9
GAIL.NS,2025-07-03,191.31,2025-07-10,187.0,52,-243.79,-2.45,Exit rule,7
BRIGADE.NS,2025-07-09,839.25,2025-07-10,815.025,11,-284.67,-3.08,Exit rule,1
NBCC.NS,2025-06-24,120.65,2025-07-14,112.9,82,-654.65,-6.61,Exit rule,20
BDL.NS,2025-06-24,1940.0,2025-07-17,1810.0,5,-668.75,-6.89,Exit rule,23
ICICIBANK.NS,2025-06-23,1417.0,2025-07-18,1415.8,7,-28.23,-0.28,Exit rule,25
LODHA.NS,2025-07-10,1386.0,2025-07-21,1443.4,7,381.99,3.93,Exit rule,11
CGPOWER.NS,2025-07-15,674.0,2025-07-21,669.0,14,-88.8,-0.94,Exit rule,6
TATACONSUM.NS,2025-07-18,1106.0,2025-07-21,1095.8,9,-111.62,-1.12,Exit rule,3
CEATLTD.NS,2025-07-03,3688.8,2025-07-22,3622.0,2,-148.22,-2.01,Exit rule,19
BRIGADE.NS,2025-07-17,842.925,2025-07-22,839.85,11,-52.34,-0.56,Exit rule,5
ERIS.NS,2025-07-04,1710.0,2025-07-23,1785.0,5,357.53,4.18,Exit rule,19
ICICIBANK.NS,2025-07-22,1474.1,2025-07-24,1487.7,6,63.83,0.72,Exit rule,2
PNBHOUSING.NS,2025-07-22,1106.0,2025-07-24,1065.0,9,-388.54,-3.9,Exit rule,2
JINDALSTEL.NS,2025-07-18,951.9,2025-07-25,1001.95,10,480.96,5.05,Exit rule,7
POONAWALLA.NS,2025-07-22,461.5,2025-07-28,421.65,21,-855.4,-8.82,Exit rule,6
ANGELONE.NS,2025-07-23,281.6,2025-07-28,271.0,35,-390.34,-3.96,Exit rule,5
SRF.NS,2025-07-24,3190.0,2025-07-28,3030.0,3,-498.66,-5.21,Exit rule,4
CIPLA.NS,2025-07-28,1541.2,2025-07-29,1563.4,6,114.57,1.24,Exit rule,1
CANBK.NS,2025-07-25,113.86,2025-07-30,110.46,87,-315.32,-3.18,Exit rule,5
INDIANB.NS,2025-07-25,652.8,2025-07-31,607.0,15,-705.9,-7.2,Exit rule,6
MOTHERSON.NS,2025-07-25,103.28,2025-07-31,96.89,96,-632.66,-6.37,Exit rule,6
TVSMOTOR.NS,2025-07-29,2790.0,2025-07-31,2760.0,3,-106.65,-1.27,Exit rule,2
M&M.NS,2025-07-17,3186.3,2025-08-01,3205.0,3,36.93,0.39,Exit rule,15
LLOYDSME.NS,2025-07-22,1535.4,2025-08-04,1450.4,6,-527.91,-5.72,Exit rule,13
DRREDDY.NS,2025-07-29,1287.0,2025-08-04,1225.1,7,-450.88,-5.0,Exit rule,6
ZYDUSLIFE.NS,2025-07-29,985.0,2025-08-04,949.95,10,-369.85,-3.75,Exit rule,6
GRASIM.NS,2025-07-31,2735.0,2025-08-04,2730.0,3,-31.39,-0.38,Exit rule,4
GODREJCP.NS,2025-08-01,1270.0,2025-08-06,1219.4,7,-371.63,-4.18,Exit rule,5
HINDALCO.NS,2025-07-22,683.2,2025-08-11,673.75,14,-151.3,-1.58,Exit rule,20
HDFCBANK.NS,2025-07-22,1006.55,2025-08-11,987.95,9,-185.35,-2.04,Exit rule,20
SUZLON.NS,2025-08-04,66.6,2025-08-11,63.2,150,-529.47,-5.29,Exit rule,7
LICI.NS,2025-08-11,457.0,2025-08-12,452.5,21,-113.6,-1.18,Exit rule,1
GMRAIRPORT.NS,2025-08-05,91.55,2025-08-13,88.38,109,-365.14,-3.66,Exit rule,8
MUTHOOTFIN.NS,2025-08-05,2670.0,2025-08-13,2522.0,3,-459.58,-5.73,Exit rule,8
LT.NS,2025-07-31,3625.0,2025-08-18,3699.0,2,133.35,1.84,Exit rule,18
DMART.NS,2025-07-31,4235.0,2025-08-18,4446.0,2,404.64,4.77,Exit rule,18
NMDC.NS,2025-08-14,72.29,2025-08-18,70.22,138,-305.33,-3.06,Exit rule,4
UNOMINDA.NS,2025-08-06,1103.0,2025-08-19,1220.3,9,1034.79,10.41,Exit rule,13
MFSL.NS,2025-08-11,1552.0,2025-08-19,1640.1,6,509.45,5.47,Exit rule,8
SBIN.NS,2025-08-12,824.95,2025-08-19,827.5,12,10.77,0.11,Exit rule,7
DALBHARAT.NS,2025-08-13,2274.0,2025-08-19,2333.1001,4,217.97,2.39,Exit rule,6
ABCAPITAL.NS,2025-08-05,279.0,2025-08-20,287.6,35,281.17,2.88,Exit rule,15
BAJAJFINSV.NS,2025-08-19,1994.0,2025-08-20,1972.8,5,-125.83,-1.26,Exit rule,1
BAJFINANCE.NS,2025-08-19,905.95,2025-08-20,900.55,11,-79.27,-0.79,Exit rule,1
M&M.NS,2025-08-13,3255.0,2025-08-25,3428.0,3,498.95,5.1,Exit rule,12
BANDHANBNK.NS,2025-08-20,173.1,2025-08-26,170.8,57,-150.7,-1.53,Exit rule,6
MAXHEALTH.NS,2025-08-22,1255.0,2025-08-26,1212.0,7,-318.27,-3.62,Exit rule,4
JSWSTEEL.NS,2025-07-30,1046.4,2025-08-29,1032.0,9,-148.31,-1.57,Exit rule,30
DRREDDY.NS,2025-08-22,1274.1,2025-08-29,1259.0,7,-123.43,-1.38,Exit rule,7
GLAND.NS,2025-08-25,1960.0,2025-08-29,1887.5,5,-381.74,-3.89,Exit rule,4
ASHOKLEY.NS,2025-08-18,125.1,2025-09-02,128.71,79,265.14,2.68,Exit rule,15
CGPOWER.NS,2025-09-01,710.0,2025-09-02,723.05,14,162.64,1.63,Exit rule,1
MANAPPURAM.NS,2025-08-18,268.35,2025-09-03,282.25,37,493.93,4.97,Exit rule,16
AMBER.NS,2025-09-02,7650.0,2025-09-03,7645.0,1,-20.29,-0.27,Exit rule,1
MUTHOOTFIN.NS,2025-08-18,2800.0,2025-09-04,2795.0,3,-31.78,-0.38,Exit rule,17
GLENMARK.NS,2025-09-04,2025.0,2025-09-10,2112.0,4,331.45,4.09,Exit rule,6
JBCHEPHARM.NS,2025-08-25,1759.0,2025-09-12,1706.0,5,-282.32,-3.21,Exit rule,18
MFSL.NS,2025-09-10,1604.0,2025-09-17,1570.0,6,-223.04,-2.32,Exit rule,7
PNB.NS,2025-09-11,106.5,2025-09-17,108.6,93,175.3,1.77,Exit rule,6
SBIN.NS,2025-09-11,819.1,2025-09-17,834.3,12,162.56,1.65,Exit rule,6
BANKINDIA.NS,2025-09-11,117.55,2025-09-18,120.2,84,202.63,2.05,Exit rule,7
CANBK.NS,2025-09-11,111.07,2025-09-18,116.9,89,498.58,5.04,Exit rule,7
BHARTIARTL.NS,2025-09-12,1925.0,2025-09-18,1944.5,5,78.15,0.81,Exit rule,6
TITAN.NS,2025-09-17,3561.8999,2025-09-18,3530.0,2,-77.98,-1.09,Exit rule,1
ALKEM.NS,2025-09-08,5340.0,2025-09-19,5486.0,1,135.17,2.53,Exit rule,11
GLAND.NS,2025-09-10,1931.0,2025-09-19,2010.2,5,376.29,3.89,Exit rule,9
POONAWALLA.NS,2025-09-11,449.0,2025-09-19,502.1,22,1147.28,11.6,Exit rule,8
UPL.NS,2025-09-17,706.0,2025-09-22,693.7,14,-191.8,-1.94,Exit rule,5
SUPREMEIND.NS,2025-09-15,4530.1001,2025-09-23,4390.0,2,-298.04,-3.29,Exit rule,8
KIRLOSENG.NS,2025-09-17,938.4,2025-09-25,973.0,10,326.89,3.48,Exit rule,8
JBCHEPHARM.NS,2025-09-22,1725.0,2025-09-25,1695.6,5,-164.1,-1.9,Exit rule,3
TORNTPHARM.NS,2025-09-18,3567.8,2025-09-26,3510.0,2,-129.76,-1.82,Exit rule,8
METROPOLIS.NS,2025-09-22,533.4,2025-09-26,504.975,18,-530.34,-5.52,Exit rule,4
KAJARIACER.NS,2025-09-25,1212.0,2025-09-26,1186.0,8,-227.18,-2.34,Exit rule,1
JBCHEPHARM.NS,2025-09-30,1716.0,2025-10-03,1690.0,5,-147.03,-1.71,Exit rule,3
ESCORTS.NS,2025-10-03,3670.0,2025-10-07,3537.0,2,-280.41,-3.82,Exit rule,4
LAURUSLABS.NS,2025-10-03,872.0,2025-10-09,861.1,11,-138.96,-1.45,Exit rule,6
UNOMINDA.NS,2025-09-30,1293.0,2025-10-13,1219.8,7,-529.99,-5.85,Exit rule,13
ENDURANCE.NS,2025-10-06,2899.0,2025-10-15,2765.0,3,-418.99,-4.81,Exit rule,9
DELHIVERY.NS,2025-10-07,465.0,2025-10-17,449.1,21,-353.1,-3.61,Exit rule,10
APLAPOLLO.NS,2025-09-30,1705.0,2025-10-20,1754.1,5,228.2,2.67,Exit rule,20
NYKAA.NS,2025-10-03,241.0,2025-10-20,261.49,41,819.49,8.29,Exit rule,17
HEROMOTOCO.NS,2025-10-01,5472.5,2025-10-21,5667.0,1,183.36,3.35,Exit rule,20
BAJAJFINSV.NS,2025-10-16,2078.5,2025-10-21,2150.0,4,269.09,3.23,Exit rule,5
CESC.NS,2025-10-09,167.0,2025-10-23,181.43,59,830.81,8.42,Exit rule,14
CUMMINSIND.NS,2025-10-06,3934.0,2025-10-24,4079.8999,2,275.77,3.5,Exit rule,18
MANAPPURAM.NS,2025-09-30,284.2,2025-10-27,279.2,35,-194.72,-1.96,Exit rule,27
KPRMILL.NS,2025-10-24,1085.0,2025-10-27,1044.7,9,-381.87,-3.91,Exit rule,3
TATACONSUM.NS,2025-10-17,1152.2,2025-10-30,1184.0,8,235.71,2.55,Exit rule,13
ABCAPITAL.NS,2025-09-30,290.5,2025-10-31,326.95,34,1218.31,12.32,Exit rule,31
COCHINSHIP.NS,2025-10-27,1826.9,2025-10-31,1782.9,5,-238.05,-2.6,Exit rule,4
AMBUJACEM.NS,2025-10-30,574.0,2025-10-31,567.9,17,-123.11,-1.26,Exit rule,1
LICI.NS,2025-10-28,448.825,2025-11-03,447.35,22,-52.17,-0.53,Exit rule,6
NHPC.NS,2025-10-30,87.14,2025-11-03,84.99,114,-264.72,-2.66,Exit rule,4
BPCL.NS,2025-10-28,344.0,2025-11-04,369.85,29,728.95,7.3,Exit rule,7
BLUESTARCO.NS,2025-10-13,1939.0,2025-11-07,1790.0,5,-763.65,-7.87,Exit rule,25
CREDITACC.NS,2025-10-27,1422.5,2025-11-07,1335.0,7,-631.8,-6.34,Exit rule,11
CGPOWER.NS,2025-10-30,754.0,2025-11-07,728.0,13,-357.27,-3.64,Exit rule,8
NLCINDIA.NS,2025-10-31,262.55,2025-11-10,259.15,38,-149.02,-1.49,Exit rule,10
ASHOKLEY.NS,2025-10-24,137.91,2025-11-11,142.98,72,344.82,3.47,Exit rule,18
MFSL.NS,2025-11-06,1604.8,2025-11-12,1600.0,6,-48.03,-0.5,Exit rule,6
ENDURANCE.NS,2025-11-13,2920.0,2025-11-14,2700.0,3,-676.86,-7.72,Exit rule,1
MARICO.NS,2025-11-13,720.95,2025-11-18,757.95,13,461.77,4.92,Exit rule,5
INDIGO.NS,2025-11-12,5790.0,2025-11-19,5712.0,1,-89.5,-1.54,Exit rule,7
HAL.NS,2025-11-11,4795.1001,2025-11-21,4707.0,2,-195.2,-2.03,Exit rule,10
HEROMOTOCO.NS,2025-11-13,5554.0,2025-11-21,5970.0,1,404.48,7.28,Exit rule,8
SCHAEFFLER.NS,2025-11-03,4162.0,2025-11-24,3996.3,2,-347.72,-4.17,Exit rule,21
NYKAA.NS,2025-11-11,259.0,2025-11-24,268.5,38,340.96,3.46,Exit rule,13
GRANULES.NS,2025-11-14,558.0,2025-11-24,544.0,17,-256.73,-2.7,Exit rule,10
MANAPPURAM.NS,2025-11-17,280.9,2025-11-24,277.0,35,-156.03,-1.59,Exit rule,7
BAJAJFINSV.NS,2025-11-21,2100.0,2025-11-24,2064.0,4,-160.66,-1.91,Exit rule,3
CDSL.NS,2025-11-10,1580.4,2025-11-25,1587.0,6,20.6,0.22,Exit rule,15
MAXHEALTH.NS,2025-11-20,1166.0,2025-11-25,1169.0,8,5.32,0.06,Exit rule,5
BAJAJ-AUTO.NS,2025-11-18,8975.5,2025-11-27,9194.0,1,200.33,2.23,Exit rule,9
CREDITACC.NS,2025-11-25,1393.0,2025-12-01,1334.9,7,-425.8,-4.36,Exit rule,6
SAIL.NS,2025-11-27,137.8,2025-12-01,135.91,72,-155.79,-1.57,Exit rule,4
TATACOMM.NS,2025-11-27,1850.7,2025-12-01,1825.8,5,-142.88,-1.54,Exit rule,4
HDFCBANK.NS,2025-11-17,991.25,2025-12-03,986.0,10,-72.27,-0.73,Exit rule,16
JSWSTEEL.NS,2025-11-27,1159.0,2025-12-04,1159.0,8,-18.54,-0.2,Exit rule,7
YESBANK.NS,2025-11-26,22.75,2025-12-09,21.79,439,-440.99,-4.41,Exit rule,13
GRANULES.NS,2025-11-26,548.9,2025-12-09,545.0,18,-89.89,-0.91,Exit rule,13
PAYTM.NS,2025-12-01,1335.0,2025-12-11,1263.0,7,-522.19,-5.58,Exit rule,10
CEATLTD.NS,2025-12-04,3965.0,2025-12-11,3806.0,2,-333.54,-4.2,Exit rule,7
RBLBANK.NS,2025-12-10,303.0,2025-12-11,302.0,32,-51.36,-0.53,Exit rule,1
JBCHEPHARM.NS,2025-12-05,1823.0,2025-12-12,1815.8,5,-54.19,-0.59,Exit rule,7
BPCL.NS,2025-12-11,355.15,2025-12-12,352.5,28,-94.01,-0.94,Exit rule,1
PHOENIXLTD.NS,2025-11-26,1731.7,2025-12-15,1769.6,5,171.99,1.98,Exit rule,19
HDFCLIFE.NS,2025-12-05,757.2,2025-12-18,755.05,13,-47.61,-0.48,Exit rule,13
IOC.NS,2025-12-15,165.17,2025-12-26,161.1,60,-263.78,-2.66,Exit rule,11
CANBK.NS,2025-12-10,146.7,2025-12-30,150.5,68,238.19,2.39,Exit rule,20
KARURVYSYA.NS,2025-12-18,250.4,2026-01-01,261.8,39,424.62,4.34,Exit rule,14
INDUSTOWER.NS,2025-12-08,414.0,2026-01-02,438.0,24,555.55,5.59,Exit rule,25
SBIN.NS,2025-12-08,970.85,2026-01-05,1000.0,10,271.79,2.8,Exit rule,28
M&M.NS,2025-12-31,3653.0,2026-01-06,3788.0,2,255.12,3.49,Exit rule,6
TORNTPHARM.NS,2025-12-05,3805.1001,2026-01-07,3936.8,2,247.92,3.25,Exit rule,33
AXISBANK.NS,2026-01-01,1270.0,2026-01-07,1293.0,7,143.06,1.61,Exit rule,6
YESBANK.NS,2026-01-05,22.35,2026-01-07,22.89,446,220.66,2.21,Exit rule,2
ABCAPITAL.NS,2026-01-01,357.7,2026-01-08,362.4,27,107.46,1.11,Exit rule,7
NAVINFLUOR.NS,2025-12-11,5900.0,2026-01-12,5743.0,1,-168.64,-2.86,Exit rule,32
ADANIENSOL.NS,2025-12-11,986.0,2026-01-12,960.6,10,-273.47,-2.77,Exit rule,32
GMRAIRPORT.NS,2025-12-15,103.95,2026-01-12,99.5,96,-446.73,-4.47,Exit rule,28
MFSL.NS,2026-01-06,1714.0,2026-01-13,1671.7,5,-228.43,-2.66,Exit rule,7
HCLTECH.NS,2026-01-07,1620.8,2026-01-20,1720.0,6,575.15,5.91,Exit rule,13
CUB.NS,2026-01-14,206.25,2026-01-20,202.6875,48,-190.63,-1.92,Exit rule,6
WIPRO.NS,2026-01-14,264.0,2026-01-20,245.95,37,-686.72,-7.02,Exit rule,6
PAYTM.NS,2026-01-15,1313.3,2026-01-21,1294.0,7,-153.35,-1.67,Exit rule,6
360ONE.NS,2026-01-19,1193.9,2026-01-21,1124.2,8,-576.15,-6.03,Exit rule,2
PERSISTENT.NS,2025-12-12,6240.0,2026-01-27,6125.0,1,-127.36,-2.04,Exit rule,46
GLENMARK.NS,2026-01-23,2000.0,2026-01-27,1968.4,4,-142.27,-1.78,Exit rule,4
GODREJCP.NS,2026-01-23,1253.5,2026-01-28,1174.0,7,-573.49,-6.53,Exit rule,5
TECHM.NS,2026-01-14,1612.9,2026-01-30,1757.1,6,844.98,8.72,Exit rule,16
FEDERALBNK.NS,2026-01-19,271.45,2026-01-30,286.65,36,527.11,5.39,Exit rule,11
ABCAPITAL.NS,2026-01-23,354.55,2026-01-30,342.0,28,-370.9,-3.73,Exit rule,7
APLAPOLLO.NS,2026-01-23,2000.0,2026-02-02,2064.0,4,239.74,2.99,Exit rule,10
KARURVYSYA.NS,2026-01-28,292.55,2026-02-02,288.5,34,-157.46,-1.58,Exit rule,5
IDFCFIRSTB.NS,2026-01-23,84.34,2026-02-03,84.61,118,11.92,0.12,Exit rule,11
BANKBARODA.NS,2026-01-28,303.5,2026-02-03,290.0,32,-450.99,-4.64,Exit rule,6
NLCINDIA.NS,2026-01-30,265.0,2026-02-03,261.5,37,-148.98,-1.52,Exit rule,4
AUROPHARMA.NS,2026-02-02,1172.1,2026-02-03,1230.0,8,443.98,4.73,Exit rule,1
INFY.NS,2026-01-19,1685.0,2026-02-05,1534.0,5,-771.09,-9.14,Exit rule,17
JSL.NS,2026-01-28,811.0,2026-02-05,785.0,12,-331.15,-3.4,Exit rule,8
KEI.NS,2026-02-04,4353.2002,2026-02-11,4592.0,2,459.71,5.27,Exit rule,7
IDFCFIRSTB.NS,2026-02-04,84.8,2026-02-12,82.95,117,-236.08,-2.38,Exit rule,8
POLYCAB.NS,2026-02-04,7504.0,2026-02-12,7781.0,1,261.72,3.48,Exit rule,8
EICHERMOT.NS,2026-02-04,7215.0,2026-02-13,7900.0,1,669.89,9.28,Exit rule,9
NMDC.NS,2026-01-30,83.5,2026-02-16,79.32,119,-516.8,-5.2,Exit rule,17
LAURUSLABS.NS,2026-02-12,1018.95,2026-02-16,1014.5,9,-58.35,-0.64,Exit rule,4
LUPIN.NS,2026-02-02,2135.3,2026-02-18,2255.0,4,461.24,5.39,Exit rule,16
MARICO.NS,2026-02-06,752.2,2026-02-18,774.6,13,271.35,2.77,Exit rule,12
INDUSINDBK.NS,2026-02-10,927.9,2026-02-18,944.0,10,142.28,1.53,Exit rule,8
GODREJCP.NS,2026-02-17,1203.8,2026-02-19,1220.0,8,110.21,1.14,Exit rule,2
SHRIRAMFIN.NS,2026-01-23,1010.0,2026-02-23,1072.8,9,546.46,6.01,Exit rule,31
AUBANK.NS,2026-01-30,968.25,2026-02-23,993.0,10,227.89,2.35,Exit rule,24
JSL.NS,2026-02-24,796.0,2026-03-02,740.0,12,-690.43,-7.22,Exit rule,6
CUB.NS,2026-02-19,217.5,2026-03-04,204.75,45,-592.75,-6.05,Exit rule,13
HEROMOTOCO.NS,2026-02-26,5760.0,2026-03-04,5520.0,1,-251.28,-4.36,Exit rule,6
NATIONALUM.NS,2026-02-26,363.6,2026-03-09,396.0,27,854.29,8.69,Exit rule,11
IOC.NS,2026-03-06,172.06,2026-03-09,158.0,58,-834.62,-8.36,Exit rule,3
ADANIPORTS.NS,2026-03-06,1489.0,2026-03-09,1405.0,6,-521.36,-5.83,Exit rule,3
BLUESTARCO.NS,2026-03-06,1939.0,2026-03-10,1900.0,5,-214.19,-2.21,Exit rule,4
TATASTEEL.NS,2026-03-06,199.5,2026-03-10,194.01,50,-294.18,-2.95,Exit rule,4
TVSMOTOR.NS,2026-03-11,3780.0,2026-03-12,3554.1001,2,-466.47,-6.16,Exit rule,1
COALINDIA.NS,2026-02-23,426.0,2026-03-13,473.0,23,1060.32,10.81,Exit rule,18
VOLTAS.NS,2026-03-12,1469.0,2026-03-13,1440.0,6,-191.45,-2.17,Exit rule,1
HINDALCO.NS,2026-03-04,928.0,2026-03-16,906.85,10,-229.85,-2.47,Exit rule,12
SHRIRAMFIN.NS,2026-03-11,1062.9,2026-03-16,990.0,9,-674.58,-7.04,Exit rule,5
JINDALSTEL.NS,2026-03-11,1187.0,2026-03-16,1137.0,8,-418.59,-4.4,Exit rule,5
SONACOMS.NS,2026-03-11,520.0,2026-03-16,484.0,19,-703.08,-7.11,Exit rule,5
BLUESTARCO.NS,2026-03-12,1941.0,2026-03-16,1820.0,5,-623.8,-6.42,Exit rule,4
OIL.NS,2026-03-02,503.0,2026-03-17,460.3,19,-829.6,-8.67,Exit rule,15
ADANIPOWER.NS,2026-03-13,151.0,2026-03-19,151.0,66,-19.93,-0.2,Exit rule,6
AARTIIND.NS,2026-03-13,447.95,2026-03-20,415.2,22,-739.49,-7.5,Exit rule,7
SAIL.NS,2026-03-18,152.8,2026-03-20,153.11,65,0.27,0.0,Exit rule,2
DELHIVERY.NS,2026-03-19,418.8,2026-03-20,415.05,23,-105.43,-1.09,Exit rule,1
TORNTPOWER.NS,2026-03-13,1505.0,2026-03-24,1380.3,6,-765.51,-8.47,Exit rule,11
NLCINDIA.NS,2026-03-13,267.0,2026-03-24,258.0,37,-352.42,-3.56,Exit rule,11
BHARATFORG.NS,2026-03-19,1760.2,2026-03-24,1700.0,5,-318.3,-3.61,Exit rule,5
SCHAEFFLER.NS,2026-03-23,4155.0,2026-03-24,4059.8999,2,-206.63,-2.48,Exit rule,1
DRREDDY.NS,2026-03-23,1293.0,2026-03-24,1267.2,7,-198.52,-2.19,Exit rule,1
CUMMINSIND.NS,2026-03-23,4581.0,2026-03-24,4525.0,2,-130.21,-1.42,Exit rule,1
DELHIVERY.NS,2026-03-23,418.75,2026-03-24,420.0,23,9.46,0.1,Exit rule,1
JINDALSTEL.NS,2026-03-23,1162.0,2026-03-24,1129.4,8,-279.13,-3.0,Exit rule,1
AARTIIND.NS,2026-03-23,420.95,2026-03-24,411.85,23,-228.45,-2.36,Exit rule,1
MCX.NS,2026-03-25,2469.0,2026-03-30,2371.2,4,-410.56,-4.15,Exit rule,5
INDIANB.NS,2026-03-27,902.0,2026-03-30,855.0,11,-536.33,-5.4,Exit rule,3
UNIONBANK.NS,2026-03-27,178.72,2026-03-30,172.0,55,-388.89,-3.95,Exit rule,3
KARURVYSYA.NS,2026-03-30,290.9,2026-04-01,299.4,34,268.93,2.72,Exit rule,2
MARICO.NS,2026-04-06,764.0,2026-04-07,745.85,13,-255.58,-2.57,Exit rule,1
VEDL.NS,2026-04-06,687.75,2026-04-15,752.0,14,879.34,9.12,Exit rule,9
JINDALSTEL.NS,2026-04-08,1190.0,2026-04-17,1228.3,8,287.05,3.01,Exit rule,9
ASTRAL.NS,2026-04-13,1600.0,2026-04-17,1580.0,6,-139.08,-1.45,Exit rule,4
AJANTPHARM.NS,2026-04-15,2925.0,2026-04-17,2829.8,3,-302.86,-3.45,Exit rule,2
NTPC.NS,2026-04-09,376.95,2026-04-23,404.0,26,682.99,6.96,Exit rule,14
DRREDDY.NS,2026-04-24,1293.0,2026-04-28,1342.4,7,327.35,3.61,Exit rule,4
IPCALAB.NS,2026-04-24,1535.0,2026-04-28,1548.0,6,59.5,0.65,Exit rule,4
JBCHEPHARM.NS,2026-04-24,2011.5,2026-04-30,2061.2,4,182.51,2.27,Exit rule,6
SUNPHARMA.NS,2026-04-28,1724.0,2026-05-04,1820.0,5,462.28,5.36,Exit rule,6
LUPIN.NS,2026-03-23,2319.7,2026-05-08,2425.0,4,402.22,4.33,Exit rule,46
MUTHOOTFIN.NS,2026-05-07,3537.8999,2026-05-12,3435.0,2,-219.75,-3.1,Exit rule,5
TVSMOTOR.NS,2026-05-08,3654.5,2026-05-12,3596.2,2,-131.1,-1.79,Exit rule,4
TITAN.NS,2026-05-11,4350.3999,2026-05-12,4160.0,2,-397.82,-4.57,Exit rule,1
EICHERMOT.NS,2026-05-05,7325.0,2026-05-13,7125.0,1,-214.45,-2.92,Exit rule,8
KAJARIACER.NS,2026-05-07,1118.9,2026-05-13,1070.5,8,-404.72,-4.52,Exit rule,6
MUTHOOTFIN.NS,2026-05-14,3534.0,2026-05-18,3278.3,2,-525.02,-7.42,Exit rule,4
ADANIENSOL.NS,2026-05-14,1329.9,2026-05-29,1557.1,7,1570.19,16.85,Exit rule,15
GLENMARK.NS,2026-05-26,2318.0,2026-06-01,2288.8,4,-135.23,-1.46,Exit rule,6
DELHIVERY.NS,2026-05-26,458.0,2026-06-01,453.0,21,-124.13,-1.29,Exit rule,6
ANGELONE.NS,2026-05-20,326.4,2026-06-02,334.6,30,226.17,2.31,Exit rule,13
HDFCAMC.NS,2026-05-21,2711.0,2026-06-02,2574.1001,3,-426.56,-5.24,Exit rule,12
EICHERMOT.NS,2026-05-26,7415.0,2026-06-02,7069.0,1,-360.48,-4.86,Exit rule,7
LTF.NS,2026-06-01,282.0,2026-06-02,267.0,35,-544.21,-5.51,Exit rule,1
TIMKEN.NS,2026-05-07,3455.0,2026-06-04,3491.8999,2,59.91,0.87,Exit rule,28
NATIONALUM.NS,2026-05-15,416.45,2026-06-08,385.5,23,-730.3,-7.62,Exit rule,24
CESC.NS,2026-05-26,185.99,2026-06-09,175.5,53,-575.13,-5.83,Exit rule,14
SIEMENS.NS,2026-05-15,3724.5,2026-06-11,3555.8,2,-351.96,-4.72,Exit rule,27
NYKAA.NS,2026-06-15,276.45,2026-06-19,299.2,36,798.28,8.01,Exit rule,4
RADICO.NS,2026-06-15,3575.0,2026-06-22,3770.0,2,375.31,5.24,Exit rule,7
MANKIND.NS,2026-06-04,2372.0,2026-06-23,2550.0,4,692.31,7.29,Exit rule,19
AJANTPHARM.NS,2026-06-11,3075.3999,2026-06-23,3213.0,3,393.94,4.27,Exit rule,12
LALPATHLAB.NS,2026-06-12,1607.6,2026-06-23,1679.0,6,408.68,4.23,Exit rule,11
