Date,Cash,Holdings,Equity,OpenPositions
2021-06-23,100000.0,0.0,100000.0,0
2021-06-24,100000.0,0.0,100000.0,0
2021-06-25,100000.0,0.0,100000.0,0
2021-06-28,100000.0,0.0,100000.0,0
2021-06-29,100000.0,0.0,100000.0,0
2021-06-30,100000.0,0.0,100000.0,0
2021-07-01,100000.0,0.0,100000.0,0
2021-07-02,100000.0,0.0,100000.0,0
2021-07-05,100000.0,0.0,100000.0,0
2021-07-06,100000.0,0.0,100000.0,0
2021-07-07,100000.0,0.0,100000.0,0
2021-07-08,100000.0,0.0,100000.0,0
2021-07-09,100000.0,0.0,100000.0,0
2021-07-12,100000.0,0.0,100000.0,0
2021-07-13,100000.0,0.0,100000.0,0
2021-07-14,100000.0,0.0,100000.0,0
2021-07-15,100000.0,0.0,100000.0,0
2021-07-16,100000.0,0.0,100000.0,0
2021-07-19,100000.0,0.0,100000.0,0
2021-07-20,100000.0,0.0,100000.0,0
2021-07-22,100000.0,0.0,100000.0,0
2021-07-23,24023.56,76925.21,100948.77,8
2021-07-26,7360.06,94564.76,101924.82,10
2021-07-27,7360.06,93988.27,101348.33,10
2021-07-28,7360.06,94199.93,101560.0,10
2021-07-29,7360.06,95758.6,103118.67,10
2021-07-30,7360.06,96876.49,104236.55,10
2021-08-02,7360.06,96506.32,103866.38,10
2021-08-03,7360.06,96965.4,104325.46,10
2021-08-04,7360.06,96183.26,103543.32,10
2021-08-05,6736.53,96768.02,103504.55,10
2021-08-06,6736.53,98457.3,105193.83,10
2021-08-09,6736.53,97989.16,104725.69,10
2021-08-10,6773.83,97970.6,104744.44,10
2021-08-11,6773.83,97366.62,104140.45,10
2021-08-12,6773.83,99378.86,106152.7,10
2021-08-13,6773.83,99955.03,106728.87,10
2021-08-16,6773.83,98654.26,105428.1,10
2021-08-17,6773.83,100171.7,106945.53,10
2021-08-18,7086.67,100485.96,107572.63,10
2021-08-20,7086.67,98578.42,105665.08,10
2021-08-23,7426.67,98149.95,105576.62,10
2021-08-24,7426.67,98127.89,105554.56,10
2021-08-25,8501.04,97149.87,105650.91,10
2021-08-26,8254.06,97216.62,105470.68,10
2021-08-27,9333.84,97388.38,106722.22,10
2021-08-30,9333.84,98434.61,107768.45,10
2021-08-31,9333.84,100482.62,109816.46,10
2021-09-01,9333.84,99836.99,109170.83,10
2021-09-02,9333.84,100754.76,110088.6,10
2021-09-03,9333.84,101627.31,110961.15,10
2021-09-06,9333.84,102401.88,111735.72,10
2021-09-07,9333.84,102913.77,112247.61,10
2021-09-08,9333.84,104175.89,113509.73,10
2021-09-09,9333.84,103956.01,113289.85,10
2021-09-13,9333.84,104379.44,113713.28,10
2021-09-14,9333.84,105952.41,115286.25,10
2021-09-15,10128.48,105338.02,115466.5,10
2021-09-16,10128.48,106045.05,116173.53,10
2021-09-17,11667.61,103301.46,114969.07,10
2021-09-20,12105.39,101308.01,113413.4,10
2021-09-21,13614.6,100980.48,114595.07,10
2021-09-22,14239.1,101541.12,115780.21,10
2021-09-23,14239.1,102564.95,116804.04,10
2021-09-24,12897.71,105201.2,118098.91,10
2021-09-27,12897.71,105154.27,118051.98,10
2021-09-28,12897.71,104308.23,117205.94,10
2021-09-29,11586.23,107504.0,119090.23,10
2021-09-30,11989.48,107720.66,119710.14,10
2021-10-01,11892.75,108582.66,120475.4,10
2021-10-04,11892.75,109184.85,121077.6,10
2021-10-05,11892.75,112102.67,123995.42,10
2021-10-06,11892.75,112336.91,124229.66,10
2021-10-07,20679.35,104708.82,125388.17,9
2021-10-08,10719.0,114844.16,125563.16,10
2021-10-11,10719.0,117625.73,128344.73,10
2021-10-12,10719.0,117484.23,128203.23,10
2021-10-13,10719.0,119539.21,130258.21,10
2021-10-14,10579.59,121424.28,132003.86,10
2021-10-18,10579.59,125112.67,135692.26,10
2021-10-19,11911.37,116650.61,128561.97,10
2021-10-20,16474.84,107166.7,123641.55,10
2021-10-21,26182.2,96628.65,122810.84,9
2021-10-22,9585.14,112952.88,122538.01,10
2021-10-25,10497.58,108227.36,118724.94,10
2021-10-26,15173.39,105245.9,120419.29,10
2021-10-27,15173.39,105227.8,120401.19,10
2021-10-28,15173.39,100949.85,116123.24,10
2021-10-29,15136.27,101014.95,116151.22,10
2021-11-01,15136.27,102226.95,117363.22,10
2021-11-02,15136.27,105122.95,120259.22,10
2021-11-03,15136.27,104227.35,119363.62,10
2021-11-04,15136.27,106169.95,121306.22,10
2021-11-08,15136.27,108864.35,124000.62,10
2021-11-09,15136.27,110270.1,125406.37,10
2021-11-10,15136.27,108856.5,123992.77,10
2021-11-11,15136.27,107927.6,123063.87,10
2021-11-12,14566.77,109415.3,123982.07,10
2021-11-15,14566.77,109429.7,123996.47,10
2021-11-16,14559.24,109976.8,124536.04,10
2021-11-17,15799.23,108630.59,124429.82,10
2021-11-18,15799.23,104734.88,120534.11,10
2021-11-22,15799.23,103165.68,118964.91,10
2021-11-23,47765.15,70599.8,118364.95,7
2021-11-24,18448.67,98769.65,117218.32,10
2021-11-25,37062.79,82154.65,119217.44,8
2021-11-26,28163.4,88157.8,116321.2,9
2021-11-29,29801.96,86104.85,115906.81,9
2021-11-30,29111.02,86371.43,115482.45,9
2021-12-01,21544.46,95683.98,117228.44,10
2021-12-02,21544.46,95665.07,117209.53,10
2021-12-03,21544.46,97055.55,118600.01,10
2021-12-06,20747.58,96840.22,117587.81,10
2021-12-07,39348.46,78774.45,118122.91,8
2021-12-08,39348.46,79264.45,118612.91,8
2021-12-09,19458.59,102063.65,121522.24,10
2021-12-10,19458.59,102499.75,121958.34,10
2021-12-13,19458.59,101479.95,120938.54,10
2021-12-14,19771.62,100655.7,120427.32,10
2021-12-15,19771.62,99671.8,119443.42,10
2021-12-16,22185.25,95982.8,118168.04,10
2021-12-17,24587.06,91991.5,116578.56,10
2021-12-20,24587.06,88836.15,113423.21,10
2021-12-21,74779.92,39571.15,114351.07,4
2021-12-22,64879.03,50295.35,115174.38,5
2021-12-23,64879.03,50148.0,115027.03,5
2021-12-24,48972.21,65569.83,114542.04,7
2021-12-27,67444.47,47241.63,114686.1,5
2021-12-28,39121.34,76348.14,115469.48,8
2021-12-29,29271.5,86510.63,115782.13,9
2021-12-30,19271.51,96773.62,116045.12,10
2021-12-31,19271.51,97213.43,116484.94,10
2022-01-03,19271.51,98236.06,117507.57,10
2022-01-04,19271.51,97280.62,116552.12,10
2022-01-05,19271.51,96860.8,116132.31,10
2022-01-06,19271.51,97591.92,116863.43,10
2022-01-07,17552.63,99913.17,117465.8,10
2022-01-10,17211.6,102849.0,120060.6,10
2022-01-11,17211.6,101480.55,118692.15,10
2022-01-12,17211.6,102077.25,119288.85,10
2022-01-13,17211.6,101417.2,118628.8,10
2022-01-14,19458.98,99623.1,119082.08,10
2022-01-17,19043.74,100315.79,119359.53,10
2022-01-18,19043.74,97862.6,116906.34,10
2022-01-19,28610.16,87921.5,116531.66,9
2022-01-20,20245.5,96558.59,116804.09,10
2022-01-21,20245.5,93446.59,113692.1,10
2022-01-24,57994.74,53785.67,111780.4,6
2022-01-25,66118.75,45704.92,111823.67,5
2022-01-27,57454.1,54073.9,111528.0,6
2022-01-28,27736.97,83138.49,110875.45,9
2022-01-31,17787.03,95205.07,112992.09,10
2022-02-01,17787.03,95269.84,113056.87,10
2022-02-02,17787.03,96239.07,114026.09,10
2022-02-03,18458.53,94820.99,113279.52,10
2022-02-04,18458.53,93476.04,111934.57,10
2022-02-07,19624.93,92855.6,112480.52,10
2022-02-08,18830.8,93638.03,112468.83,10
2022-02-09,18830.8,94213.22,113044.02,10
2022-02-10,18830.8,94125.78,112956.58,10
2022-02-11,18023.83,93453.43,111477.26,10
2022-02-14,24410.24,81229.99,105640.23,9
2022-02-15,49505.36,56956.95,106462.31,6
2022-02-16,58420.84,48784.85,107205.69,5
2022-02-17,58420.84,48821.55,107242.39,5
2022-02-18,69252.0,37548.69,106800.69,4
2022-02-21,69252.0,36111.51,105363.51,4
2022-02-22,69252.0,36193.27,105445.27,4
2022-02-23,78644.6,27275.02,105919.62,3
2022-02-24,78644.6,25153.36,103797.96,3
2022-02-25,104700.51,0.0,104700.51,0
2022-02-28,87843.67,16690.0,104533.67,2
2022-03-02,59938.55,45606.7,105545.25,5
2022-03-03,10501.46,94581.49,105082.95,10
2022-03-04,10501.46,91623.95,102125.41,10
2022-03-07,28416.76,73638.96,102055.72,8
2022-03-08,24138.08,76464.78,100602.86,8
2022-03-09,24138.08,75494.34,99632.42,8
2022-03-10,24138.08,75342.55,99480.63,8
2022-03-11,14319.94,85922.14,100242.07,9
2022-03-14,4412.04,96902.02,101314.06,10
2022-03-15,3379.92,94716.12,98096.03,10
2022-03-16,21661.52,78048.58,99710.1,8
2022-03-17,2088.36,98543.03,100631.39,10
2022-03-21,2088.36,97159.04,99247.4,10
2022-03-22,364.87,99161.82,99526.68,10
2022-03-23,9750.47,90365.45,100115.92,9
2022-03-24,32.77,100406.71,100439.48,10
2022-03-25,32.77,99342.88,99375.65,10
2022-03-28,32.77,100177.45,100210.21,10
2022-03-29,32.77,100311.87,100344.64,10
2022-03-30,32.77,100023.24,100056.0,10
2022-03-31,589.99,100375.9,100965.88,10
2022-04-01,589.99,101502.93,102092.91,10
2022-04-04,589.99,103030.27,103620.26,10
2022-04-05,589.99,103098.47,103688.45,10
2022-04-06,1922.41,102324.65,104247.05,10
2022-04-07,1922.41,101505.43,103427.84,10
2022-04-08,1922.41,103988.95,105911.36,10
2022-04-11,1922.41,105086.21,107008.62,10
2022-04-12,1922.41,103410.22,105332.63,10
2022-04-13,2104.54,103036.16,105140.7,10
2022-04-18,1860.04,103133.59,104993.63,10
2022-04-19,239.09,102527.9,102766.99,10
2022-04-20,63.93,102142.79,102206.72,10
2022-04-21,12128.92,91974.9,104103.82,9
2022-04-22,2186.99,101474.29,103661.27,10
2022-04-25,14024.74,88089.19,102113.93,9
2022-04-26,14024.74,90013.86,104038.6,9
2022-04-27,7113.21,95952.57,103065.78,10
2022-04-28,6519.2,96535.39,103054.59,10
2022-04-29,6519.2,95727.54,102246.74,10
2022-05-02,25858.13,76232.44,102090.56,8
2022-05-04,16322.9,83085.95,99408.85,9
2022-05-05,34651.35,65515.2,100166.55,7
2022-05-06,42914.08,56074.2,98988.28,6
2022-05-09,51823.16,45763.9,97587.06,5
2022-05-10,59832.31,36670.77,96503.09,4
2022-05-11,77860.12,17982.2,95842.32,2
2022-05-12,86025.15,9553.95,95579.1,1
2022-05-13,86025.15,9570.15,95595.3,1
2022-05-16,86025.15,9525.6,95550.74,1
2022-05-17,86025.15,9665.33,95690.47,1
2022-05-18,86025.15,9229.95,95255.1,1
2022-05-19,85241.98,9738.75,94980.73,1
2022-05-20,75363.2,20123.3,95486.5,2
2022-05-23,65601.95,29407.17,95009.11,3
2022-05-24,55656.01,38790.53,94446.54,4
2022-05-25,45856.22,46996.94,92853.16,5
2022-05-26,63658.73,29091.25,92749.98,3
2022-05-27,54904.99,38371.3,93276.29,4
2022-05-30,54904.99,38291.48,93196.47,4
2022-05-31,19384.6,74950.23,94334.84,8
2022-06-01,909.55,95702.31,96611.86,10
2022-06-02,909.55,96488.12,97397.67,10
2022-06-03,909.55,94386.82,95296.36,10
2022-06-06,909.55,94220.76,95130.31,10
2022-06-07,909.55,94166.17,95075.72,10
2022-06-08,909.55,93217.43,94126.98,10
2022-06-09,10441.15,84020.7,94461.85,9
2022-06-10,521.24,94008.54,94529.78,10
2022-06-13,521.24,91556.63,92077.87,10
2022-06-14,16517.23,75577.71,92094.93,8
2022-06-15,16517.23,75751.6,92268.82,8
2022-06-16,26146.59,64769.4,90915.99,7
2022-06-17,43955.26,45973.03,89928.29,5
2022-06-20,70370.32,18390.9,88761.22,2
2022-06-21,88934.34,0.0,88934.34,0
2022-06-22,88934.34,0.0,88934.34,0
2022-06-23,88934.34,0.0,88934.34,0
2022-06-24,88934.34,0.0,88934.34,0
2022-06-27,88934.34,0.0,88934.34,0
2022-06-28,88934.34,0.0,88934.34,0
2022-06-29,88934.34,0.0,88934.34,0
2022-06-30,79501.11,9894.6,89395.71,1
2022-07-01,52758.04,36840.66,89598.7,4
2022-07-04,42846.09,46925.43,89771.52,5
2022-07-05,24050.58,65314.76,89365.34,7
2022-07-06,14703.24,75934.88,90638.12,8
2022-07-07,7075.62,83492.62,90568.24,9
2022-07-08,424.97,90012.33,90437.3,10
2022-07-11,424.97,90836.76,91261.73,10
2022-07-12,424.97,90254.04,90679.01,10
2022-07-13,424.97,89885.81,90310.79,10
2022-07-14,67.52,91606.49,91674.01,10
2022-07-15,67.52,92758.89,92826.41,10
2022-07-18,67.52,94328.1,94395.62,10
2022-07-19,67.52,94435.91,94503.43,10
2022-07-20,67.52,94935.37,95002.89,10
2022-07-21,67.52,97706.58,97774.09,10
2022-07-22,67.52,96977.04,97044.56,10
2022-07-25,67.52,96975.28,97042.8,10
2022-07-26,67.52,96215.2,96282.72,10
2022-07-27,67.52,96867.61,96935.13,10
2022-07-28,67.52,97502.56,97570.08,10
2022-07-29,67.52,97934.43,98001.95,10
2022-08-01,67.52,99737.16,99804.68,10
2022-08-02,67.52,100395.58,100463.1,10
2022-08-03,0.22,99027.14,99027.36,10
2022-08-04,133.02,98786.4,98919.42,10
2022-08-05,42.74,97986.39,98029.13,10
2022-08-08,42.74,98292.11,98334.85,10
2022-08-10,42.74,99353.58,99396.32,10
2022-08-11,42.74,101077.26,101120.0,10
2022-08-12,42.74,101824.94,101867.68,10
2022-08-16,42.74,102963.08,103005.82,10
2022-08-17,42.74,103858.89,103901.63,10
2022-08-18,42.74,103881.35,103924.09,10
2022-08-19,42.74,103800.33,103843.07,10
2022-08-22,730.06,102696.26,103426.32,10
2022-08-23,730.06,102236.78,102966.83,10
2022-08-24,744.7,103112.13,103856.83,10
2022-08-25,744.7,103366.35,104111.04,10
2022-08-26,182.15,103326.36,103508.51,10
2022-08-29,182.15,103608.06,103790.21,10
2022-08-30,182.15,106125.24,106307.39,10
2022-09-01,182.15,106803.68,106985.82,10
2022-09-02,182.15,106760.5,106942.65,10
2022-09-05,16.78,106797.07,106813.85,10
2022-09-06,16.78,107158.41,107175.19,10
2022-09-07,51.8,107132.78,107184.58,10
2022-09-08,51.8,108305.59,108357.39,10
2022-09-09,51.8,108350.87,108402.67,10
2022-09-12,51.8,108695.01,108746.81,10
2022-09-13,51.8,109320.19,109371.99,10
2022-09-14,2772.37,106819.19,109591.56,10
2022-09-15,2772.37,108731.11,111503.48,10
2022-09-16,2330.41,105816.1,108146.51,10
2022-09-19,2276.94,106403.16,108680.09,10
2022-09-20,2276.94,106211.51,108488.45,10
2022-09-21,5609.65,101089.59,106699.24,10
2022-09-22,11430.28,96136.83,107567.11,10
2022-09-23,9303.7,96304.23,105607.92,10
2022-09-26,9303.7,93072.7,102376.4,10
2022-09-27,52387.18,51357.16,103744.34,5
2022-09-28,52387.18,50772.78,103159.96,5
2022-09-29,54261.89,48686.28,102948.16,5
2022-09-30,35261.8,68079.87,103341.66,7
2022-10-03,17612.56,86065.63,103678.19,9
2022-10-04,6406.54,98397.96,104804.5,10
2022-10-06,15963.08,89169.46,105132.54,9
2022-10-07,6831.55,98816.38,105647.93,10
2022-10-10,6831.55,98918.5,105750.05,10
2022-10-11,6831.55,96405.03,103236.58,10
2022-10-12,14623.75,89169.33,103793.08,9
2022-10-13,14240.78,90241.02,104481.8,9
2022-10-14,23481.03,80724.5,104205.53,8
2022-10-17,13571.13,91813.02,105384.15,9
2022-10-18,13571.13,92235.95,105807.08,9
2022-10-19,3603.97,101353.7,104957.67,10
2022-10-20,3603.97,100241.52,103845.5,10
2022-10-21,3378.61,99233.7,102612.31,10
2022-10-24,3000.65,101081.25,104081.9,10
2022-10-25,3000.65,102514.1,105514.75,10
2022-10-27,3736.49,103483.19,107219.68,10
2022-10-28,3736.49,102166.62,105903.11,10
2022-10-31,12523.49,93866.2,106389.69,9
2022-11-01,2590.82,103859.47,106450.29,10
2022-11-02,2590.82,104109.69,106700.51,10
2022-11-03,2590.82,105445.22,108036.04,10
2022-11-04,2590.82,105590.53,108181.34,10
2022-11-07,2590.82,106429.91,109020.73,10
2022-11-09,2590.82,105492.62,108083.44,10
2022-11-10,2590.82,104378.62,106969.44,10
2022-11-11,11052.35,97379.33,108431.68,9
2022-11-14,1370.68,107323.11,108693.79,10
2022-11-15,893.12,109113.34,110006.46,10
2022-11-16,1218.23,108984.68,110202.91,10
2022-11-17,1198.28,108489.61,109687.89,10
2022-11-18,1198.28,107691.23,108889.52,10
2022-11-21,21288.17,86399.96,107688.13,8
2022-11-22,12519.41,95812.64,108332.05,9
2022-11-23,2920.0,107590.82,110510.82,10
2022-11-24,2920.0,108327.85,111247.85,10
2022-11-25,2920.0,109593.6,112513.6,10
2022-11-28,2920.0,111547.74,114467.73,10
2022-11-29,2920.0,110120.63,113040.63,10
2022-11-30,2452.46,111428.74,113881.2,10
2022-12-01,2452.46,111902.02,114354.48,10
2022-12-02,2452.46,111846.52,114298.98,10
2022-12-05,2452.46,111887.12,114339.58,10
2022-12-06,2452.46,110838.19,113290.65,10
2022-12-07,7704.78,105437.48,113142.26,10
2022-12-08,9886.95,104638.47,114525.42,10
2022-12-09,9886.95,101840.97,111727.92,10
2022-12-12,22937.95,89736.67,112674.62,9
2022-12-13,22563.55,91788.21,114351.76,9
2022-12-14,11752.43,102483.56,114235.99,10
2022-12-15,11752.43,100723.86,112476.29,10
2022-12-16,11752.43,99393.53,111145.96,10
2022-12-19,20353.52,91353.23,111706.75,9
2022-12-20,10666.68,100890.37,111557.05,10
2022-12-21,11910.72,95887.48,107798.2,10
2022-12-22,39012.84,68553.2,107566.03,7
2022-12-23,68999.99,37259.43,106259.42,4
2022-12-26,68999.99,38372.86,107372.84,4
2022-12-27,68999.99,39093.99,108093.97,4
2022-12-28,59097.09,48641.83,107738.93,5
2022-12-29,59097.09,49687.96,108785.06,5
2022-12-30,59097.09,50697.28,109794.37,5
2023-01-02,40392.41,70383.44,110775.85,7
2023-01-03,10614.12,100060.68,110674.8,10
2023-01-04,10128.64,98557.48,108686.12,10
2023-01-05,19763.04,89734.3,109497.35,9
2023-01-06,10645.93,98042.54,108688.47,10
2023-01-09,10645.93,99793.13,110439.07,10
2023-01-10,10645.93,99146.93,109792.86,10
2023-01-11,10645.93,98693.44,109339.38,10
2023-01-12,9823.56,99051.01,108874.57,10
2023-01-13,8718.26,100444.69,109162.95,10
2023-01-16,8718.26,100325.5,109043.76,10
2023-01-17,8718.26,99708.65,108426.91,10
2023-01-18,8718.26,100880.55,109598.81,10
2023-01-19,7293.27,102984.61,110277.88,10
2023-01-20,9150.81,100571.62,109722.43,10
2023-01-23,9150.81,101451.6,110602.41,10
2023-01-24,9150.81,101061.96,110212.77,10
2023-01-25,10181.72,99401.35,109583.07,10
2023-01-27,29790.64,79378.95,109169.59,8
2023-01-30,12930.74,95246.58,108177.33,10
2023-01-31,41973.27,66542.31,108515.58,7
2023-02-01,13146.62,94308.1,107454.72,10
2023-02-02,16622.4,92430.96,109053.36,10
2023-02-03,16622.4,93190.5,109812.9,10
2023-02-06,16622.4,92739.77,109362.17,10
2023-02-07,16622.4,91985.16,108607.56,10
2023-02-08,15860.86,93524.86,109385.72,10
2023-02-09,15860.86,92938.08,108798.94,10
2023-02-10,15332.28,93695.01,109027.29,10
2023-02-13,15332.28,92748.34,108080.63,10
2023-02-14,15332.28,92971.67,108303.95,10
2023-02-15,15332.28,93777.9,109110.18,10
2023-02-16,17616.93,92151.06,109767.99,10
2023-02-17,17616.93,91905.46,109522.39,10
2023-02-20,27002.23,82359.46,109361.69,9
2023-02-21,26601.06,82821.17,109422.23,9
2023-02-22,16733.05,92128.28,108861.33,10
2023-02-23,16733.05,92097.51,108830.56,10
2023-02-24,22806.92,85968.84,108775.76,9
2023-02-27,13158.28,94506.15,107664.43,10
2023-02-28,31893.78,76066.79,107960.57,8
2023-03-01,35947.71,72700.92,108648.63,8
2023-03-02,26025.3,81982.96,108008.26,9
2023-03-03,35275.95,73382.25,108658.2,8
2023-03-06,35275.95,73690.06,108966.01,8
2023-03-08,14154.26,94759.9,108914.16,10
2023-03-09,14186.07,94208.55,108394.62,10
2023-03-10,14186.07,93633.03,107819.1,10
2023-03-13,28281.16,77950.53,106231.69,8
2023-03-14,47401.02,58530.4,105931.42,6
2023-03-15,57430.2,48683.7,106113.9,5
2023-03-16,38151.19,68759.5,106910.69,7
2023-03-17,28313.36,78816.45,107129.81,8
2023-03-20,8996.37,97465.95,106462.32,10
2023-03-21,8996.37,96777.45,105773.82,10
2023-03-22,18587.27,86828.75,105416.02,9
2023-03-23,18964.27,86389.25,105353.52,9
2023-03-24,18964.27,85444.55,104408.82,9
2023-03-27,28448.03,76085.45,104533.48,8
2023-03-28,38078.39,66377.05,104455.44,7
2023-03-29,38078.39,67297.6,105375.99,7
2023-03-31,19249.58,86934.45,106184.04,9
2023-04-03,9423.32,95710.15,105133.47,10
2023-04-05,8709.64,96810.35,105519.99,10
2023-04-06,8709.64,96890.65,105600.29,10
2023-04-10,8709.64,96860.95,105570.59,10
2023-04-11,8320.72,97322.5,105643.22,10
2023-04-12,8320.72,97707.6,106028.32,10
2023-04-13,8320.72,97331.3,105652.02,10
2023-04-17,8678.88,97610.95,106289.83,10
2023-04-18,8678.88,98128.3,106807.18,10
2023-04-19,8678.88,97856.15,106535.03,10
2023-04-20,8678.88,98140.6,106819.48,10
2023-04-21,8678.88,98509.8,107188.68,10
2023-04-24,26860.93,80911.8,107772.73,8
2023-04-25,6981.42,102583.3,109564.72,10
2023-04-26,6801.02,102592.07,109393.09,10
2023-04-27,6801.02,103702.24,110503.26,10
2023-04-28,6801.02,105087.68,111888.7,10
2023-05-02,6801.02,107718.89,114519.91,10
2023-05-03,5875.81,110145.08,116020.89,10
2023-05-04,5875.81,110088.0,115963.81,10
2023-05-05,5875.81,111819.07,117694.88,10
2023-05-08,5875.81,111786.92,117662.73,10
2023-05-09,5875.81,108855.42,114731.23,10
2023-05-10,5875.81,109879.67,115755.48,10
2023-05-11,5875.81,110908.83,116784.63,10
2023-05-12,5875.81,110178.3,116054.11,10
2023-05-15,5875.81,111111.32,116987.13,10
2023-05-16,5875.81,110478.35,116354.16,10
2023-05-17,7807.14,109115.15,116922.29,10
2023-05-18,9092.52,106997.87,116090.4,10
2023-05-19,19685.92,96433.38,116119.29,9
2023-05-22,13575.75,103112.53,116688.27,10
2023-05-23,12621.03,103618.75,116239.78,10
2023-05-24,12621.03,104393.15,117014.18,10
2023-05-25,12621.03,104446.3,117067.33,10
2023-05-26,12621.03,104961.15,117582.18,10
2023-05-29,12621.03,106112.5,118733.53,10
2023-05-30,12621.03,105873.6,118494.63,10
2023-05-31,14457.57,105771.1,120228.67,10
2023-06-01,14457.57,105919.95,120377.52,10
2023-06-02,14457.57,107363.05,121820.62,10
2023-06-05,14457.57,107007.55,121465.12,10
2023-06-06,14457.57,107652.45,122110.02,10
2023-06-07,14457.57,111029.6,125487.17,10
2023-06-08,14457.57,109081.45,123539.02,10
2023-06-09,14300.7,110739.35,125040.05,10
2023-06-12,14300.7,112528.98,126829.68,10
2023-06-13,14300.7,113617.38,127918.08,10
2023-06-14,14300.7,112816.58,127117.28,10
2023-06-15,14300.7,112676.29,126976.99,10
2023-06-16,14300.7,113861.62,128162.32,10
2023-06-19,14300.7,113038.85,127339.55,10
2023-06-20,14828.1,112970.9,127799.0,10
2023-06-21,14828.1,112521.64,127349.74,10
2023-06-22,14828.1,111604.84,126432.94,10
2023-06-23,18471.74,106808.52,125280.27,10
2023-06-26,18471.74,107328.41,125800.15,10
2023-06-27,18471.74,107620.2,126091.95,10
2023-06-28,18471.74,108709.17,127180.91,10
2023-06-30,18471.74,109044.36,127516.1,10
2023-07-03,19079.29,109718.4,128797.69,10
2023-07-04,19079.29,111034.65,130113.94,10
2023-07-05,19625.28,109298.6,128923.88,10
2023-07-06,19625.28,109358.3,128983.58,10
2023-07-07,19625.28,108697.37,128322.66,10
2023-07-10,19625.28,107631.4,127256.69,10
2023-07-11,22349.07,106231.75,128580.82,10
2023-07-12,22349.07,108149.89,130498.96,10
2023-07-13,22349.07,107591.87,129940.93,10
2023-07-14,22349.07,109009.47,131358.54,10
2023-07-17,22349.07,109727.49,132076.56,10
2023-07-18,22349.07,109077.45,131426.51,10
2023-07-19,22349.07,110442.64,132791.71,10
2023-07-20,22349.07,111784.77,134133.84,10
2023-07-21,22349.07,113251.8,135600.87,10
2023-07-24,22349.07,114560.22,136909.29,10
2023-07-25,22349.07,113910.79,136259.86,10
2023-07-26,22349.07,111796.88,134145.94,10
2023-07-27,21441.32,111878.75,133320.07,10
2023-07-28,32049.38,100661.15,132710.53,10
2023-07-31,34386.79,98015.95,132402.74,10
2023-08-01,33647.67,98003.15,131650.82,10
2023-08-02,33647.67,96550.6,130198.27,10
2023-08-03,34119.27,96333.9,130453.17,10
2023-08-04,34116.52,97082.45,131198.97,10
2023-08-07,34116.52,98298.25,132414.77,10
2023-08-08,34116.52,99136.2,133252.72,10
2023-08-09,34116.52,99096.7,133213.22,10
2023-08-10,34116.52,98306.3,132422.82,10
2023-08-11,34116.52,97471.25,131587.77,10
2023-08-14,37569.49,94127.15,131696.64,10
2023-08-16,37672.42,94330.75,132003.17,10
2023-08-17,37672.42,95208.55,132880.97,10
2023-08-18,37672.42,94333.85,132006.27,10
2023-08-21,37672.42,94435.0,132107.42,10
2023-08-22,38591.0,94135.75,132726.75,10
2023-08-23,36609.28,96080.95,132690.23,10
2023-08-24,36609.28,97905.5,134514.78,10
2023-08-25,36609.28,97099.0,133708.28,10
2023-08-28,36609.28,97059.1,133668.38,10
2023-08-29,36400.09,98570.1,134970.2,10
2023-08-30,36400.09,99453.95,135854.04,10
2023-08-31,36400.09,100354.8,136754.89,10
2023-09-01,36400.09,102892.55,139292.64,10
2023-09-04,36400.09,103533.5,139933.59,10
2023-09-05,36400.09,105401.5,141801.59,10
2023-09-06,36400.09,104604.6,141004.69,10
2023-09-07,36400.09,104894.0,141294.09,10
2023-09-08,36400.09,106285.55,142685.64,10
2023-09-11,36400.09,106168.2,142568.29,10
2023-09-12,36400.09,101322.6,137722.69,10
2023-09-13,48458.57,89427.2,137885.77,9
2023-09-14,35863.57,103275.1,139138.66,10
2023-09-15,35863.57,102546.55,138410.12,10
2023-09-18,36563.17,101682.05,138245.22,10
2023-09-20,38118.78,99879.65,137998.43,10
2023-09-21,38989.57,96181.5,135171.07,10
2023-09-22,48340.21,88068.55,136408.76,9
2023-09-25,38423.7,97485.05,135908.75,10
2023-09-26,38423.7,97176.95,135600.65,10
2023-09-27,37506.43,98610.0,136116.43,10
2023-09-28,37506.43,97547.15,135053.58,10
2023-09-29,39666.74,96866.22,136532.96,10
2023-10-03,39666.74,97991.77,137658.51,10
2023-10-04,37028.13,98683.9,135712.03,10
2023-10-05,36262.01,99042.02,135304.03,10
2023-10-06,36262.01,99569.74,135831.75,10
2023-10-09,36262.01,97637.55,133899.56,10
2023-10-10,45930.69,88993.64,134924.33,9
2023-10-11,36470.23,98769.26,135239.49,10
2023-10-12,36337.57,98839.76,135177.33,10
2023-10-13,36337.57,98244.95,134582.52,10
2023-10-16,36337.57,98621.58,134959.15,10
2023-10-17,36337.57,100158.62,136496.19,10
2023-10-18,36337.57,100232.79,136570.36,10
2023-10-19,35755.66,101071.84,136827.51,10
2023-10-20,35755.66,101318.63,137074.29,10
2023-10-23,35755.66,98240.41,133996.07,10
2023-10-25,34704.03,99542.08,134246.1,10
2023-10-26,44727.33,90169.64,134896.96,9
2023-10-27,54077.22,81952.36,136029.57,8
2023-10-30,44861.99,91798.11,136660.1,9
2023-10-31,44861.99,91842.16,136704.15,9
2023-11-01,35322.81,101585.76,136908.57,10
2023-11-02,35322.81,102268.84,137591.64,10
2023-11-03,35322.81,104599.01,139921.81,10
2023-11-06,35322.81,105810.08,141132.88,10
2023-11-07,35322.81,106312.25,141635.05,10
2023-11-08,35322.81,108661.26,143984.06,10
2023-11-09,35322.81,109166.85,144489.66,10
2023-11-10,35322.81,109975.43,145298.24,10
2023-11-13,35466.61,112816.41,148283.03,10
2023-11-15,35466.61,114484.03,149950.64,10
2023-11-16,35466.61,115640.95,151107.56,10
2023-11-17,35466.61,114955.79,150422.41,10
2023-11-20,35171.07,114758.87,149929.94,10
2023-11-21,35171.07,113541.8,148712.87,10
2023-11-22,35171.07,112509.52,147680.59,10
2023-11-23,35171.07,113576.63,148747.69,10
2023-11-24,35171.07,115045.8,150216.86,10
2023-11-28,35171.07,115979.11,151150.17,10
2023-11-29,34841.4,117876.42,152717.82,10
2023-11-30,34841.4,119458.33,154299.73,10
2023-12-01,34841.4,119938.9,154780.31,10
2023-12-04,34841.4,121304.84,156146.24,10
2023-12-05,34841.4,121661.62,156503.02,10
2023-12-06,34841.4,122690.93,157532.33,10
2023-12-07,38594.08,119194.43,157788.5,10
2023-12-08,38594.08,118041.28,156635.35,10
2023-12-11,42971.06,113877.95,156849.02,10
2023-12-12,42971.06,111613.12,154584.18,10
2023-12-13,46937.2,110041.56,156978.76,10
2023-12-14,46937.2,111521.06,158458.26,10
2023-12-15,46937.2,110909.06,157846.25,10
2023-12-18,51075.69,108807.86,159883.54,10
2023-12-19,51075.69,108223.33,159299.02,10
2023-12-20,51075.69,103127.74,154203.43,10
2023-12-21,52864.36,102966.47,155830.83,10
2023-12-22,57127.75,99173.07,156300.81,10
2023-12-26,57127.75,100928.86,158056.61,10
2023-12-27,57127.75,102775.64,159903.38,10
2023-12-28,57127.75,104342.02,161469.77,10
2023-12-29,57127.75,106294.27,163422.02,10
2024-01-01,57127.75,107843.85,164971.6,10
2024-01-02,58968.82,105580.28,164549.1,10
2024-01-03,58968.82,105135.1,164103.92,10
2024-01-04,58968.82,107331.55,166300.37,10
2024-01-05,58968.82,108228.45,167197.27,10
2024-01-08,58968.82,106702.22,165671.05,10
2024-01-09,68716.56,97018.85,165735.41,9
2024-01-10,59221.68,107126.42,166348.1,10
2024-01-11,59221.68,107926.0,167147.68,10
2024-01-12,59221.68,107559.55,166781.23,10
2024-01-15,59221.68,107854.9,167076.58,10
2024-01-16,60601.37,106497.95,167099.32,10
2024-01-17,60628.99,106464.08,167093.07,10
2024-01-18,60628.99,106126.15,166755.14,10
2024-01-19,60628.99,110163.77,170792.76,10
2024-01-23,60628.99,105574.47,166203.47,10
2024-01-24,62243.45,107382.3,169625.75,10
2024-01-25,62243.45,107759.6,170003.05,10
2024-01-29,62243.45,109625.45,171868.9,10
2024-01-30,62243.45,108775.0,171018.45,10
2024-01-31,64988.78,107889.79,172878.57,10
2024-02-01,64988.78,113132.65,178121.43,10
2024-02-02,64988.78,117497.08,182485.87,10
2024-02-05,64988.78,117445.03,182433.82,10
2024-02-06,64988.78,119294.92,184283.7,10
2024-02-07,64988.78,119314.42,184303.2,10
2024-02-08,64988.78,120483.2,185471.98,10
2024-02-09,64988.78,119211.15,184199.93,10
2024-02-12,66433.74,111196.25,177629.99,10
2024-02-13,76842.27,99795.08,176637.35,9
2024-02-14,79846.42,100029.7,179876.12,9
2024-02-15,85339.92,97142.33,182482.25,8
2024-02-16,69233.83,113285.93,182519.76,10
2024-02-19,69233.83,113289.08,182522.91,10
2024-02-20,69233.83,114454.53,183688.36,10
2024-02-21,69233.83,113478.53,182712.36,10
2024-02-22,69233.83,114079.65,183313.48,10
2024-02-23,69233.83,115225.35,184459.18,10
2024-02-26,69233.83,116280.75,185514.58,10
2024-02-27,70677.45,113579.77,184257.22,10
2024-02-28,73685.18,107903.55,181588.72,10
2024-02-29,93560.48,87975.07,181535.55,9
2024-03-01,83271.82,98459.52,181731.34,10
2024-03-04,83271.82,99297.9,182569.72,10
2024-03-05,83271.82,99660.85,182932.67,10
2024-03-06,82023.49,100342.53,182366.03,10
2024-03-07,92420.47,89866.04,182286.51,9
2024-03-11,83388.0,98511.37,181899.36,10
2024-03-12,85022.2,95830.97,180853.16,10
2024-03-13,85022.2,92894.63,177916.83,10
2024-03-14,132612.99,46591.9,179204.89,5
2024-03-15,124540.93,55146.55,179687.48,6
2024-03-18,123296.57,56300.28,179596.84,6
2024-03-19,123296.57,55287.0,178583.56,6
2024-03-20,132047.81,46409.4,178457.21,5
2024-03-21,131535.47,48302.35,179837.82,5
2024-03-22,115531.88,65234.85,180766.73,7
2024-03-26,115531.88,66242.9,181774.78,7
2024-03-27,115531.88,65167.75,180699.63,7
2024-03-28,99369.94,81980.6,181350.54,9
2024-04-01,89405.68,91797.14,181202.83,10
2024-04-02,89405.68,91667.73,181073.41,10
2024-04-03,89405.68,91489.9,180895.58,10
2024-04-04,89405.68,91427.76,180833.44,10
2024-04-05,90740.15,90660.32,181400.47,10
2024-04-08,90740.15,92107.52,182847.66,10
2024-04-09,90740.15,91552.74,182292.89,10
2024-04-10,108135.73,73847.21,181982.94,8
2024-04-12,88797.81,93015.52,181813.33,10
2024-04-15,89343.53,90745.73,180089.26,10
2024-04-16,89437.95,90492.88,179930.83,10
2024-04-18,97474.73,81276.15,178750.88,9
2024-04-19,87913.18,90991.38,178904.56,10
2024-04-22,94281.81,85050.53,179332.34,9
2024-04-23,84752.29,95455.78,180208.07,10
2024-04-24,84752.29,96843.58,181595.87,10
2024-04-25,84752.29,97181.43,181933.72,10
2024-04-26,84752.29,96995.53,181747.82,10
2024-04-29,83914.78,97405.92,181320.7,10
2024-04-30,83914.78,97871.45,181786.23,10
2024-05-02,83914.78,97485.0,181399.78,10
2024-05-03,83914.78,96941.38,180856.16,10
2024-05-06,83914.78,95601.82,179516.6,10
2024-05-07,83496.46,93759.47,177255.92,10
2024-05-08,140319.23,37377.78,177697.01,4
2024-05-09,120513.15,56437.6,176950.75,6
2024-05-10,101016.47,75405.19,176421.65,8
2024-05-13,85209.68,93186.75,178396.43,10
2024-05-14,85522.95,93356.6,178879.55,10
2024-05-15,85522.95,94815.85,180338.8,10
2024-05-16,85522.95,96832.2,182355.15,10
2024-05-17,85522.95,99876.55,185399.5,10
2024-05-21,85522.95,103470.0,188992.95,10
2024-05-22,85522.95,103020.75,188543.7,10
2024-05-23,85522.95,103487.2,189010.15,10
2024-05-24,85522.95,103887.45,189410.4,10
2024-05-27,83860.81,104399.5,188260.31,10
2024-05-28,83860.81,104066.2,187927.01,10
2024-05-29,83860.81,104377.35,188238.16,10
2024-05-30,83860.81,102402.2,186263.01,10
2024-05-31,83163.47,104150.9,187314.37,10
2024-06-03,83163.47,106689.35,189852.82,10
2024-06-04,83163.47,100118.7,183282.17,10
2024-06-05,89796.57,99096.85,188893.42,9
2024-06-06,79797.58,108381.3,188178.88,10
2024-06-07,82005.37,106849.85,188855.22,10
2024-06-10,82005.37,107362.55,189367.92,10
2024-06-11,84937.32,104796.4,189733.72,10
2024-06-12,84937.32,105991.2,190928.52,10
2024-06-13,84937.32,105622.5,190559.82,10
2024-06-14,84937.32,107350.3,192287.62,10
2024-06-18,84937.32,107532.15,192469.47,10
2024-06-19,84937.32,105988.25,190925.57,10
2024-06-20,84937.32,105882.35,190819.67,10
2024-06-21,84660.89,105522.65,190183.55,10
2024-06-24,83172.57,106581.5,189754.07,10
2024-06-25,83172.57,105476.45,188649.02,10
2024-06-26,83172.57,105557.25,188729.82,10
2024-06-27,83172.57,104921.15,188093.72,10
2024-06-28,84490.48,103683.5,188173.98,10
2024-07-01,87674.6,102089.49,189764.09,10
2024-07-02,87674.6,101428.37,189102.97,10
2024-07-03,97983.28,91682.65,189665.93,9
2024-07-04,101705.59,87829.46,189535.05,9
2024-07-05,93252.74,96971.57,190224.31,10
2024-07-08,93252.74,96258.82,189511.56,10
2024-07-09,93252.74,96735.93,189988.67,10
2024-07-10,93252.74,95874.58,189127.32,10
2024-07-11,93935.66,96569.29,190504.95,10
2024-07-12,93935.66,97296.36,191232.02,10
2024-07-15,93935.66,98321.88,192257.54,10
2024-07-16,93935.66,98119.64,192055.3,10
2024-07-18,94464.11,96570.84,191034.96,10
2024-07-19,94464.11,93928.37,188392.48,10
2024-07-22,93706.9,94888.73,188595.63,10
2024-07-23,104429.27,83679.6,188108.87,9
2024-07-24,94724.94,95739.45,190464.38,10
2024-07-25,92532.79,97236.38,189769.17,10
2024-07-26,92532.79,98927.27,191460.06,10
2024-07-29,92532.79,99803.83,192336.63,10
2024-07-30,92532.79,100799.32,193332.12,10
2024-07-31,92532.79,101613.11,194145.9,10
2024-08-01,92532.79,100590.03,193122.82,10
2024-08-02,92532.79,100301.19,192833.98,10
2024-08-05,92290.34,96941.39,189231.73,10
2024-08-06,111630.48,77528.96,189159.44,8
2024-08-07,111344.05,80163.8,191507.85,8
2024-08-08,103256.17,89229.15,192485.31,9
2024-08-09,94056.48,100909.74,194966.22,10
2024-08-12,94056.48,101335.26,195391.73,10
2024-08-13,94056.48,100416.47,194472.95,10
2024-08-14,92968.86,101053.99,194022.85,10
2024-08-16,92968.86,103461.79,196430.65,10
2024-08-19,92968.86,103845.73,196814.59,10
2024-08-20,92968.86,103854.44,196823.3,10
2024-08-21,92968.86,104986.6,197955.46,10
2024-08-22,92968.86,104599.28,197568.14,10
2024-08-23,92968.86,105054.6,198023.46,10
2024-08-26,92968.86,104193.32,197162.19,10
2024-08-27,93442.3,105900.46,199342.76,10
2024-08-28,93442.3,105435.25,198877.56,10
2024-08-29,93442.3,104488.42,197930.72,10
2024-08-30,93442.3,106442.64,199884.95,10
2024-09-02,102024.8,97509.65,199534.45,10
2024-09-03,102024.8,97032.18,199056.98,10
2024-09-04,102024.8,97116.49,199141.3,10
2024-09-05,102545.01,97878.85,200423.86,10
2024-09-06,102545.01,96846.29,199391.3,10
2024-09-09,102583.8,96931.75,199515.55,10
2024-09-10,102583.8,98473.3,201057.1,10
2024-09-11,102583.8,98480.6,201064.4,10
2024-09-12,102583.8,98595.3,201179.1,10
2024-09-13,102222.15,99184.56,201406.71,10
2024-09-16,102222.15,99957.32,202179.47,10
2024-09-17,102222.15,99221.35,201443.5,10
2024-09-18,102222.15,97863.26,200085.41,10
2024-09-19,104729.79,94368.34,199098.13,10
2024-09-20,104794.59,95860.05,200654.64,10
2024-09-23,104794.59,96369.7,201164.29,10
2024-09-24,104794.59,96632.8,201427.39,10
2024-09-25,104794.59,95951.46,200746.05,10
2024-09-26,105478.97,95679.46,201158.43,10
2024-09-27,105478.97,94951.34,200430.31,10
2024-09-30,105478.97,95228.45,200707.42,10
2024-10-01,105478.97,96414.23,201893.2,10
2024-10-03,105191.44,95245.2,200436.64,10
2024-10-04,105191.44,93190.7,198382.14,10
2024-10-07,144026.83,52535.64,196562.47,6
2024-10-08,173378.2,23904.27,197282.47,3
2024-10-09,163605.43,33710.02,197315.45,4
2024-10-10,154109.95,42639.32,196749.26,5
2024-10-11,154109.95,43035.35,197145.3,5
2024-10-14,159168.13,37833.45,197001.58,4
2024-10-15,131826.82,64920.53,196747.35,7
2024-10-16,122005.51,73832.56,195838.06,8
2024-10-17,105381.27,87872.91,193254.17,10
2024-10-18,122809.77,70585.73,193395.5,8
2024-10-21,131722.55,62090.44,193812.99,7
2024-10-22,112973.82,76756.22,189730.04,9
2024-10-23,139015.15,52117.41,191132.56,6
2024-10-24,130191.94,60471.56,190663.5,7
2024-10-25,129019.64,60387.23,189406.87,7
2024-10-28,141655.22,48053.01,189708.23,6
2024-10-29,131835.41,58927.5,190762.91,7
2024-10-30,127002.01,62501.89,189503.9,7
2024-10-31,127002.01,62971.11,189973.12,7
2024-11-01,127002.01,62893.9,189895.91,7
2024-11-04,127002.01,62153.8,189155.81,7
2024-11-05,135644.8,53843.8,189488.6,6
2024-11-06,117219.89,73290.3,190510.19,8
2024-11-07,106813.49,83125.67,189939.16,9
2024-11-08,99388.67,89477.31,188865.98,10
2024-11-11,99388.67,89077.83,188466.5,10
2024-11-12,100175.58,87332.0,187507.58,10
2024-11-13,97979.46,87253.09,185232.55,10
2024-11-14,126608.6,59103.0,185711.6,7
2024-11-18,133730.97,51896.32,185627.29,6
2024-11-19,133730.97,52102.45,185833.42,6
2024-11-21,142569.12,43263.72,185832.84,5
2024-11-22,122299.73,64165.35,186465.08,7
2024-11-25,102637.43,84709.02,187346.45,9
2024-11-26,93648.25,93046.26,186694.51,10
2024-11-27,93648.25,92632.63,186280.88,10
2024-11-28,92529.97,92909.31,185439.28,10
2024-11-29,89174.99,96729.67,185904.66,10
2024-12-02,89174.99,97899.04,187074.03,10
2024-12-03,89174.99,99010.95,188185.94,10
2024-12-04,89174.99,99682.83,188857.82,10
2024-12-05,88632.5,100430.48,189062.98,10
2024-12-06,88632.5,100701.86,189334.36,10
2024-12-09,88632.5,101559.36,190191.86,10
2024-12-10,88632.5,101331.89,189964.39,10
2024-12-11,88632.5,101468.69,190101.19,10
2024-12-12,88632.5,100843.09,189475.59,10
2024-12-13,97859.26,92026.48,189885.74,9
2024-12-16,88093.05,101958.73,190051.78,10
2024-12-17,87480.9,101764.2,189245.1,10
2024-12-18,87814.25,102759.71,190573.96,10
2024-12-19,89374.44,101786.37,191160.81,10
2024-12-20,89374.44,100159.34,189533.78,10
2024-12-23,109139.16,79200.92,188340.08,8
2024-12-24,93368.95,95729.64,189098.59,10
2024-12-26,92770.02,97865.15,190635.17,10
2024-12-27,111571.15,77579.07,189150.22,8
2024-12-30,111571.15,78890.44,190461.59,8
2024-12-31,111571.15,78316.09,189887.24,8
2025-01-01,111571.15,78840.11,190411.26,8
2025-01-02,102522.11,87660.58,190182.69,9
2025-01-03,93171.67,97100.78,190272.45,10
2025-01-06,92264.92,95431.55,187696.47,10
2025-01-07,92484.28,95463.79,187948.07,10
2025-01-08,90875.76,95393.35,186269.11,10
2025-01-09,98133.51,87231.63,185365.14,9
2025-01-10,110578.24,73532.67,184110.91,8
2025-01-13,140206.43,41336.38,181542.81,5
2025-01-14,165213.4,16637.02,181850.42,2
2025-01-15,165213.4,16723.28,181936.68,2
2025-01-16,165213.4,17009.68,182223.08,2
2025-01-17,150129.88,32224.52,182354.4,4
2025-01-20,141090.85,41276.26,182367.11,5
2025-01-21,140442.56,41351.16,181793.72,5
2025-01-22,140442.56,40754.15,181196.71,5
2025-01-23,140442.56,41355.97,181798.53,5
2025-01-24,130543.67,50504.0,181047.67,6
2025-01-27,130815.55,49039.88,179855.43,6
2025-01-28,130815.55,48609.25,179424.8,6
2025-01-29,127848.17,52734.22,180582.38,6
2025-01-30,117938.27,62449.14,180387.41,7
2025-01-31,118101.05,62823.69,180924.74,7
2025-02-01,100141.11,78987.85,179128.96,9
2025-02-03,100141.11,78906.04,179047.15,9
2025-02-04,97436.78,82462.35,179899.14,9
2025-02-05,97436.78,82358.19,179794.97,9
2025-02-06,88131.49,93528.93,181660.42,10
2025-02-07,88131.49,93418.98,181550.46,10
2025-02-10,88131.49,92001.92,180133.41,10
2025-02-11,106977.77,71363.13,178340.9,8
2025-02-12,120766.57,57505.76,178272.33,6
2025-02-13,110829.64,67385.91,178215.55,7
2025-02-14,111744.88,65443.27,177188.15,7
2025-02-17,119986.63,57708.49,177695.12,6
2025-02-18,119986.63,57884.64,177871.27,6
2025-02-19,119986.63,58018.54,178005.17,6
2025-02-20,119986.63,57902.09,177888.73,6
2025-02-21,108206.95,70032.35,178239.3,7
2025-02-24,116998.75,60722.71,177721.45,6
2025-02-25,116998.75,61036.69,178035.44,6
2025-02-27,116998.75,60621.55,177620.3,6
2025-02-28,115754.59,60646.63,176401.22,6
2025-03-03,135363.82,41298.95,176662.77,4
2025-03-04,144418.76,32303.14,176721.89,3
2025-03-05,135923.47,40500.91,176424.38,4
2025-03-06,146787.1,29890.2,176677.29,3
2025-03-07,146787.1,29594.6,176381.7,3
2025-03-10,137943.26,38680.75,176624.01,4
2025-03-11,137943.26,38307.35,176250.61,4
2025-03-12,137943.26,38538.6,176481.86,4
2025-03-13,137943.26,38361.3,176304.56,4
2025-03-17,137943.26,38463.1,176406.36,4
2025-03-18,137943.26,38463.1,176406.36,4
2025-03-19,137943.26,40218.45,178161.71,4
2025-03-20,115189.48,63400.85,178590.33,7
2025-03-21,105235.54,74043.24,179278.77,8
2025-03-24,86225.54,94543.07,180768.62,10
2025-03-25,86225.54,92958.22,179183.76,10
2025-03-26,86225.54,91919.43,178144.97,10
2025-03-27,94852.41,83689.77,178542.18,9
2025-03-28,84993.06,92224.5,177217.56,10
2025-04-01,86902.65,88656.67,175559.32,10
2025-04-02,95599.79,81490.2,177089.99,9
2025-04-03,95599.79,82310.82,177910.61,9
2025-04-04,85789.99,90415.97,176205.96,10
2025-04-07,85789.99,86401.22,172191.21,10
2025-04-08,110252.5,64200.37,174452.87,7
2025-04-09,110252.5,63931.57,174184.07,7
2025-04-11,91854.22,82818.88,174673.1,9
2025-04-15,82536.91,93645.37,176182.28,10
2025-04-16,92511.41,84192.22,176703.63,9
2025-04-17,92511.41,84742.2,177253.61,9
2025-04-21,82601.51,96149.5,178751.01,10
2025-04-22,82601.51,96116.0,178717.51,10
2025-04-23,82601.51,97453.12,180054.62,10
2025-04-24,82601.51,97711.25,180312.76,10
2025-04-25,82601.51,95836.68,178438.19,10
2025-04-28,83683.41,96118.38,179801.79,10
2025-04-29,83683.41,96423.32,180106.72,10
2025-04-30,83683.41,95639.58,179322.99,10
2025-05-02,83683.41,93886.33,177569.74,10
2025-05-05,103375.76,76000.46,179376.22,8
2025-05-06,83976.38,93363.67,177340.05,10
2025-05-07,83976.38,94156.07,178132.45,10
2025-05-08,89281.07,87853.87,177134.94,9
2025-05-09,98038.28,79685.66,177723.94,8
2025-05-12,90570.21,87687.4,178257.61,9
2025-05-13,90570.21,89448.02,180018.23,9
2025-05-14,82582.23,97824.91,180407.14,10
2025-05-15,82582.23,98548.73,181130.96,10
2025-05-16,82582.23,99602.83,182185.06,10
2025-05-19,82582.23,99791.49,182373.72,10
2025-05-20,82090.39,99258.13,181348.52,10
2025-05-21,82090.39,99782.82,181873.21,10
2025-05-22,82090.39,99364.85,181455.24,10
2025-05-23,82090.39,100087.38,182177.77,10
2025-05-26,82090.39,100343.04,182433.43,10
2025-05-27,82090.39,100601.98,182692.37,10
2025-05-28,82090.39,100171.4,182261.79,10
2025-05-29,82090.39,101578.3,183668.69,10
2025-05-30,81645.48,103435.06,185080.54,10
2025-06-02,81316.23,104634.52,185950.75,10
2025-06-03,79861.69,104614.9,184476.59,10
2025-06-04,79861.69,104747.56,184609.25,10
2025-06-05,79861.69,106124.56,185986.25,10
2025-06-06,78846.69,107347.98,186194.67,10
2025-06-09,78846.69,107610.94,186457.63,10
2025-06-10,78846.69,107282.52,186129.21,10
2025-06-11,78846.69,105292.52,184139.21,10
2025-06-12,83997.76,97724.19,181721.95,10
2025-06-13,84325.33,96859.49,181184.82,10
2025-06-16,93801.58,87774.55,181576.13,9
2025-06-17,84794.42,96528.4,181322.82,10
2025-06-18,87412.81,92526.62,179939.43,10
2025-06-19,87412.81,91430.87,178843.68,10
2025-06-20,105286.82,73672.62,178959.44,8
2025-06-23,86032.79,93540.98,179573.77,10
2025-06-24,86032.79,93125.66,179158.45,10
2025-06-25,85476.44,95070.67,180547.11,10
2025-06-26,85476.44,94789.9,180266.34,10
2025-06-27,85476.44,94716.97,180193.41,10
2025-06-30,85572.79,95820.0,181392.8,10
2025-07-01,85572.79,97126.52,182699.31,10
2025-07-02,85572.79,97078.62,182651.41,10
2025-07-03,85572.79,97122.9,182695.7,10
2025-07-04,85572.79,97857.25,183430.04,10
2025-07-07,85572.79,97275.82,182848.61,10
2025-07-08,85572.79,97473.42,183046.21,10
2025-07-09,85572.79,97399.08,182971.88,10
2025-07-10,85572.79,96335.62,181908.41,10
2025-07-11,85134.99,96699.32,181834.31,10
2025-07-14,85814.24,96135.25,181949.49,10
2025-07-15,85814.24,96621.22,182435.46,10
2025-07-16,88399.79,94651.63,183051.42,10
2025-07-17,88399.79,95487.27,183887.05,10
2025-07-18,88399.79,94763.45,183163.24,10
2025-07-21,89458.81,93931.27,183390.07,10
2025-07-22,89458.81,93111.1,182569.91,10
2025-07-23,88827.35,93726.78,182554.14,10
2025-07-24,88827.35,93504.43,182331.79,10
2025-07-25,88827.35,91997.37,180824.72,10
2025-07-28,107358.21,74032.8,181391.01,8
2025-07-29,105839.35,76369.2,182208.55,8
2025-07-30,89243.97,92174.1,181418.07,10
2025-07-31,89243.97,91779.1,181023.07,10
2025-08-01,89671.55,89138.85,178810.4,10
2025-08-04,106993.45,71585.0,178578.45,8
2025-08-05,88233.25,90089.6,178322.85,10
2025-08-06,98324.15,79175.0,177499.15,9
2025-08-07,112697.37,65038.8,177736.17,7
2025-08-08,113188.96,64396.05,177585.01,7
2025-08-11,113188.96,64989.85,178178.82,7
2025-08-12,112150.34,65643.2,177793.54,7
2025-08-13,112150.34,66397.6,178547.94,7
2025-08-14,89646.05,88877.4,178523.45,10
2025-08-18,89646.05,90876.5,180522.55,10
2025-08-19,89646.05,92065.7,181711.75,10
2025-08-20,89646.05,92307.6,181953.65,10
2025-08-21,89646.05,92375.45,182021.5,10
2025-08-22,89646.05,92136.7,181782.75,10
2025-08-25,89646.05,92246.85,181892.9,10
2025-08-26,89646.05,91347.5,180993.55,10
2025-08-28,101786.85,77899.95,179686.8,9
2025-08-29,119333.09,59725.55,179058.64,7
2025-09-01,109383.15,70644.55,180027.7,8
2025-09-02,109383.15,71105.95,180489.1,8
2025-09-03,89668.46,91466.28,181134.74,10
2025-09-04,89350.17,91462.91,180813.08,10
2025-09-05,89350.17,91893.89,181244.06,10
2025-09-08,89418.32,92145.7,181564.02,10
2025-09-09,89418.32,91703.86,181122.18,10
2025-09-10,90553.94,91356.86,181910.8,10
2025-09-11,85950.13,95439.06,181389.19,10
2025-09-12,85950.13,95649.42,181599.55,10
2025-09-15,85950.13,95365.48,181315.61,10
2025-09-16,85950.13,96149.89,182100.02,10
2025-09-17,85950.13,96237.59,182187.72,10
2025-09-18,85950.13,96108.79,182058.92,10
2025-09-19,85950.13,95972.39,181922.52,10
2025-09-22,83614.69,99163.78,182778.47,10
2025-09-23,83614.69,98670.27,182284.96,10
2025-09-24,83614.69,97098.64,180713.33,10
2025-09-25,104247.63,76364.05,180611.68,8
2025-09-26,114849.02,64349.34,179198.36,7
2025-09-29,152647.88,27057.03,179704.91,3
2025-09-30,133851.36,45575.65,179427.01,5
2025-10-01,114386.41,65549.24,179935.65,7
2025-10-03,104701.74,75275.71,179977.45,8
2025-10-06,103611.1,76859.94,180471.04,8
2025-10-07,81303.97,99219.7,180523.67,10
2025-10-08,81303.97,98667.35,179971.32,10
2025-10-09,81303.97,99997.14,181301.11,10
2025-10-10,81303.97,100525.82,181829.79,10
2025-10-13,81303.97,101406.26,182710.23,10
2025-10-14,81303.97,100324.01,181627.98,10
2025-10-15,81273.08,101427.12,182700.2,10
2025-10-16,81273.08,101377.16,182650.24,10
2025-10-17,81273.08,101136.78,182409.86,10
2025-10-20,81273.08,102104.42,183377.5,10
2025-10-21,81273.08,102285.59,183558.67,10
2025-10-23,90918.43,91700.37,182618.8,9
2025-10-24,81052.84,101422.75,182475.59,10
2025-10-27,80927.44,102637.19,183564.63,10
2025-10-28,80927.44,103347.34,184274.78,10
2025-10-29,80927.44,103664.84,184592.28,10
2025-10-30,80927.44,103354.62,184282.06,10
2025-10-31,82032.37,101313.09,183345.46,10
2025-11-03,86968.34,98491.84,185460.18,10
2025-11-04,86968.34,99403.18,186371.52,10
2025-11-06,86968.34,97228.06,184196.4,10
2025-11-07,114460.98,70441.04,184902.02,7
2025-11-10,86903.0,97897.37,184800.37,10
2025-11-11,86571.71,98691.51,185263.22,10
2025-11-12,86571.71,98814.33,185386.04,10
2025-11-13,86571.71,98628.52,185200.23,10
2025-11-14,86571.71,99132.02,185703.73,10
2025-11-17,86571.71,99935.68,186507.39,10
2025-11-18,89578.05,96837.07,186415.12,10
2025-11-19,89578.05,96881.62,186459.66,10
2025-11-20,89578.05,96211.57,185789.61,10
2025-11-21,89578.05,94898.97,184477.02,10
2025-11-24,100640.37,84087.18,184727.55,9
2025-11-25,110314.69,75179.44,185494.13,8
2025-11-26,116108.89,70704.49,186813.38,7
2025-11-27,96889.69,89664.56,186554.25,9
2025-11-28,86925.73,99095.77,186021.5,10
2025-12-01,86925.73,100188.52,187114.25,10
2025-12-02,86925.73,99732.19,186657.92,10
2025-12-03,97579.64,88629.58,186209.22,9
2025-12-04,108281.29,78011.4,186292.69,8
2025-12-05,88996.62,97437.32,186433.94,10
2025-12-08,88996.62,95517.66,184514.28,10
2025-12-09,110460.99,73368.03,183829.02,8
2025-12-10,116482.96,66586.35,183069.31,7
2025-12-11,114808.14,68595.79,183403.93,7
2025-12-12,105204.55,79538.23,184742.78,8
2025-12-15,86256.62,98694.22,184950.84,10
2025-12-16,86256.62,97657.98,183914.6,10
2025-12-17,85441.2,98118.88,183560.08,10
2025-12-18,103368.25,81352.06,184720.31,8
2025-12-19,103368.25,81375.73,184743.98,8
2025-12-22,94169.06,92185.03,186354.09,9
2025-12-23,85765.67,100689.98,186455.65,10
2025-12-24,85765.67,101254.97,187020.64,10
2025-12-26,85765.67,101680.84,187446.5,10
2025-12-29,85765.67,100902.12,186667.78,10
2025-12-30,85765.67,102237.84,188003.51,10
2025-12-31,85765.67,102316.34,188082.01,10
2026-01-01,84164.93,104657.24,188822.17,10
2026-01-02,84164.93,106060.64,190225.57,10
2026-01-05,84164.93,106040.88,190205.81,10
2026-01-06,84685.63,106084.8,190770.43,10
2026-01-07,84685.63,105669.84,190355.47,10
2026-01-08,87972.62,99821.48,187794.11,10
2026-01-09,107707.07,80985.18,188692.25,8
2026-01-12,107707.07,81210.73,188917.8,8
2026-01-13,99238.61,89897.55,189136.16,9
2026-01-14,89194.12,100906.67,190100.78,10
2026-01-15,89194.12,100885.07,190079.18,10
2026-01-16,89194.12,100514.75,189708.87,10
2026-01-19,89194.12,99984.49,189178.6,10
2026-01-20,98930.99,88290.02,187221.01,9
2026-01-21,113966.88,73762.15,187729.03,7
2026-01-22,114924.06,72561.45,187485.51,7
2026-01-23,86377.99,100566.25,186944.24,10
2026-01-27,86706.2,102147.5,188853.7,10
2026-01-28,86706.2,105409.2,192115.4,10
2026-01-29,86540.45,107913.85,194454.3,10
2026-01-30,86540.45,102724.7,189265.15,10
2026-02-02,85350.96,98639.45,183990.41,10
2026-02-03,113822.64,72578.1,186400.74,7
2026-02-04,84418.96,104253.2,188672.16,10
2026-02-05,83594.93,104567.2,188162.13,10
2026-02-06,88462.57,98837.91,187300.48,10
2026-02-09,88462.57,99585.83,188048.39,10
2026-02-10,88462.57,99625.35,188087.91,10
2026-02-11,88462.57,99798.69,188261.26,10
2026-02-12,88462.57,99400.46,187863.02,10
2026-02-13,88462.57,97033.6,185496.16,10
2026-02-16,98198.14,87434.5,185632.64,9
2026-02-17,88922.41,96854.95,185777.36,10
2026-02-18,88922.41,97060.3,185982.71,10
2026-02-19,88922.41,96842.4,185764.81,10
2026-02-20,99032.29,87304.25,186336.54,9
2026-02-23,99032.29,87979.3,187011.59,9
2026-02-24,89212.48,98104.7,187317.18,10
2026-02-25,89212.48,98870.7,188083.18,10
2026-02-26,89212.48,99053.75,188266.23,10
2026-02-27,89212.48,98125.4,187337.88,10
2026-03-02,92062.21,93886.9,185949.11,10
2026-03-04,100117.41,82939.0,183056.41,9
2026-03-05,127922.82,55996.1,183918.92,6
2026-03-06,108177.8,75654.0,183831.8,8
2026-03-09,99553.68,83040.45,182594.13,9
2026-03-10,119487.73,63790.6,183278.33,7
2026-03-11,110506.76,72979.15,183485.91,8
2026-03-12,101903.16,82350.6,184253.76,9
2026-03-13,91984.75,90166.3,182151.05,10
2026-03-16,109064.06,71695.8,180759.86,8
2026-03-17,115690.64,65411.05,181101.69,7
2026-03-18,115690.64,65332.43,181023.07,7
2026-03-19,115690.64,63892.24,179582.88,7
2026-03-20,130628.68,49537.31,180165.99,5
2026-03-23,139557.25,39050.7,178607.95,4
2026-03-24,159400.88,19333.24,178734.12,2
2026-03-25,169149.22,9833.6,178982.82,1
2026-03-27,159703.29,19216.13,178919.42,2
2026-03-30,159703.29,18933.52,178636.81,2
2026-04-01,159703.29,19476.54,179179.83,2
2026-04-02,151238.03,28166.88,179404.91,3
2026-04-06,151238.03,29211.24,180449.27,3
2026-04-07,141539.29,38659.64,180198.93,4
2026-04-08,131629.39,49258.34,180887.73,5
2026-04-09,94261.91,87252.12,181514.03,9
2026-04-10,84567.68,98412.74,182980.42,10
2026-04-13,84567.68,98472.4,183040.08,10
2026-04-15,84567.68,99418.42,183986.1,10
2026-04-16,84567.68,100473.16,185040.84,10
2026-04-17,84567.68,102286.25,186853.93,10
2026-04-20,84567.68,102053.67,186621.35,10
2026-04-21,84567.68,102698.57,187266.25,10
2026-04-22,84567.68,104198.55,188766.23,10
2026-04-23,84567.68,103422.77,187990.45,10
2026-04-24,84567.68,104141.95,188709.63,10
2026-04-27,84567.68,105220.4,189788.08,10
2026-04-28,84567.68,106179.35,190747.03,10
2026-04-29,84567.68,106661.17,191228.85,10
2026-04-30,84567.68,105672.7,190240.38,10
2026-05-01,84567.68,105412.2,189979.88,10
2026-05-04,84567.68,106468.5,191036.18,10
2026-05-05,83401.33,108136.06,191537.39,10
2026-05-06,83435.43,109709.22,193144.65,10
2026-05-07,83435.43,110802.35,194237.78,10
2026-05-08,83435.43,110332.85,193768.28,10
2026-05-11,83435.43,109415.51,192850.94,10
2026-05-12,83435.43,105764.83,189200.26,10
2026-05-13,126795.98,61978.29,188774.27,6
2026-05-14,108971.17,80821.64,189792.81,8
2026-05-15,90854.57,97409.98,188264.55,10
2026-05-18,90854.57,96739.89,187594.46,10
2026-05-19,100666.95,88579.8,189246.75,9
2026-05-20,91518.22,96888.31,188406.53,10
2026-05-21,91518.22,97162.02,188680.24,10
2026-05-22,91518.22,97703.64,189221.86,10
2026-05-25,91518.22,98986.78,190505.0,10
2026-05-26,91518.22,100060.41,191578.63,10
2026-05-27,91518.22,101106.99,192625.21,10
2026-05-28,91518.22,101106.99,192625.21,10
2026-05-29,91518.22,99485.78,191004.0,10
2026-06-01,90623.77,99894.76,190518.53,10
2026-06-02,92033.74,98511.7,190545.44,10
2026-06-03,92033.74,97055.73,189089.47,10
2026-06-04,92033.74,97738.69,189772.43,10
2026-06-05,91702.51,98578.66,190281.17,10
2026-06-08,91702.51,97167.49,188870.0,10
2026-06-09,91702.51,97864.32,189566.83,10
2026-06-10,91702.51,97175.14,188877.65,10
2026-06-11,93995.43,94275.15,188270.58,10
2026-06-12,112092.52,77251.2,189343.72,8
2026-06-15,111452.59,78185.67,189638.26,8
2026-06-16,91557.52,98638.57,190196.08,10
2026-06-17,103060.19,87606.29,190666.47,9
2026-06-18,93080.42,98126.8,191207.22,10
2026-06-19,93080.42,98363.41,191443.83,10
2026-06-22,93080.42,98123.56,191203.98,10
2026-06-23,93568.91,96631.8,190200.71,10
